site_id,unit_id,read_date,salinity_ppt,dissolved_oxygen_mg_l,ph,secchi_depth_m,water_depth_m,water_temp_c,air_temp_c,year,month
BAY,NAN,1994-01-03,1.3,11.7,7.3,0.4,0.4,5.9,8.0,1994,1
BAY,NAN,1994-01-31,1.5,12.0,7.4,0.2,0.35,3.0,2.6,1994,1
BAY,NAN,1994-02-07,1.0,10.5,7.2,0.25,0.6,5.9,7.6,1994,2
BAY,NAN,1994-02-23,1.0,10.1,7.4,0.35,0.5,10.0,2.7,1994,2
BAY,NAN,1994-02-28,1.0,12.6,7.2,0.2,0.4,1.6,0.0,1994,2
BAY,NAN,1994-03-07,1.0,9.9,7.1,0.2,0.9,9.7,15.2,1994,3
BAY,NAN,1994-03-14,0.5,10.4,7.2,0.25,0.75,9.8,10.1,1994,3
BAY,NAN,1994-03-28,1.0,9.2,7.1,0.15,0.95,16.1,22.1,1994,3
BAY,NAN,1994-04-04,1.0,9.2,7.2,0.25,0.75,15.0,13.5,1994,4
BAY,NAN,1994-04-11,1.0,8.6,7.3,0.2,0.75,15.7,13.0,1994,4
BAY,NAN,1994-04-18,1.0,8.8,7.6,0.2,0.7,17.5,16.6,1994,4
BAY,NAN,1994-04-25,1.0,10.0,7.9,0.2,0.5,19.3,22.1,1994,4
BAY,NAN,1994-05-02,1.3,9.8,7.5,0.2,0.65,16.1,13.0,1994,5
BAY,NAN,1994-05-09,1.0,10.1,7.9,0.25,0.75,18.8,19.5,1994,5
BAY,NAN,1994-05-16,1.0,8.2,7.8,0.25,0.8,22.1,22.3,1994,5
BAY,NAN,1994-05-23,1.0,10.8,9.1,0.05,0.05,21.7,24.3,1994,5
BAY,NAN,1994-05-30,1.0,8.7,8.5,0.35,0.8,22.3,22.7,1994,5
BAY,NAN,1994-06-06,1.0,9.4,8.6,0.35,0.8,23.8,25.7,1994,6
BAY,NAN,1994-06-13,1.2,10.4,9.0,0.35,0.8,27.9,26.9,1994,6
BAY,NAN,1994-06-20,1.5,9.8,9.0,0.35,0.7,29.5,30.5,1994,6
BAY,NAN,1994-06-27,1.5,7.3,8.1,0.25,1.2,25.5,27.9,1994,6
BAY,NAN,1994-07-03,2.0,10.7,9.0,0.4,0.9,28.5,28.0,1994,7
BAY,NAN,1994-06-25,2.0,11.0,9.4,0.5,0.9,30.5,28.5,1994,6
BAY,NAN,1994-08-01,2.0,10.7,9.2,0.45,0.75,29.0,25.5,1994,8
BAY,NAN,1994-08-08,2.0,10.2,9.2,0.4,0.55,22.0,21.5,1994,8
BAY,NAN,1994-08-15,2.3,6.9,8.8,0.45,0.9,24.5,20.0,1994,8
BAY,NAN,1994-08-22,2.0,9.1,9.1,0.45,0.9,27.0,24.5,1994,8
BAY,NAN,1994-08-29,2.3,9.8,9.3,0.45,0.75,27.0,27.0,1994,8
BAY,NAN,1994-09-05,2.5,8.6,8.5,0.2,1.2,17.0,17.0,1994,9
BAY,NAN,1994-09-12,2.5,7.9,8.4,0.35,0.6,21.0,19.0,1994,9
BAY,NAN,1994-09-19,2.5,8.2,8.1,0.45,0.6,20.5,21.5,1994,9
BAY,NAN,1994-09-26,2.25,6.9,8.1,0.45,0.8,23.0,23.0,1994,9
BAY,NAN,1994-10-10,2.5,8.4,8.1,0.45,0.5,17.0,17.0,1994,10
BAY,NAN,1994-10-24,2.5,7.4,7.6,0.35,0.85,18.0,19.0,1994,10
BAY,NAN,1994-11-07,2.5,9.0,7.3,0.2,0.5,15.0,15.0,1994,11
BAY,NAN,1994-11-28,2.8,9.4,7.7,0.25,0.65,13.0,17.5,1994,11
BAY,NAN,1994-12-12,2.5,11.4,6.9,0.35,0.4,5.0,5.0,1994,12
BAY,NAN,1994-12-29,3.0,10.4,6.9,0.15,0.4,8.0,9.5,1994,12
BAY,NAN,1989-05-11,,,7.5,0.3,0.9,17.0,,1989,5
BAY,NAN,1989-05-18,,12.0,7.5,0.2,0.6,17.5,,1989,5
BAY,NAN,1989-05-25,,,8.0,0.4,0.8,23.0,,1989,5
BAY,NAN,1989-06-01,,12.0,8.0,0.4,0.9,25.5,,1989,6
BAY,NAN,1989-07-11,,,8.5,0.3,0.9,28.5,,1989,7
BAY,NAN,1989-07-20,,1.6,9.0,0.3,0.9,30.0,,1989,7
BAY,NAN,1989-07-27,,6.2,9.0,0.3,0.8,27.0,,1989,7
BAY,NAN,1989-08-03,,5.8,9.5,0.2,0.7,25.0,,1989,8
BAY,NAN,1989-08-10,,3.2,9.0,0.2,0.3,21.5,,1989,8
BAY,NAN,1989-08-17,,7.3,9.0,0.2,0.8,28.0,,1989,8
BAY,NAN,1989-08-31,,7.1,9.0,0.2,0.8,28.0,,1989,8
BAY,NAN,1989-09-14,,6.0,7.5,0.3,0.9,26.0,,1989,9
BAY,NAN,1989-10-25,,7.8,8.5,0.2,0.5,15.0,,1989,10
BAY,NAN,1989-10-31,,,7.5,0.2,0.7,21.5,,1989,10
BAY,NAN,1989-11-20,,,8.0,0.2,1.0,8.5,,1989,11
BAY,NAN,1989-11-27,,10.3,7.5,0.2,0.6,9.0,,1989,11
BAY,NAN,1989-12-11,,10.2,7.0,0.2,0.4,3.0,,1989,12
BAY,NAN,1990-01-03,,11.9,7.5,0.2,0.6,3.0,,1990,1
BAY,NAN,1990-01-08,,10.8,7.5,0.2,0.4,7.0,,1990,1
BAY,NAN,1990-01-22,1.0,9.7,7.5,0.15,0.65,10.0,,1990,1
BAY,NAN,1990-01-30,,10.8,7.5,0.2,0.7,9.0,,1990,1
BAY,NAN,1990-02-07,3.4,10.8,7.5,0.2,0.6,10.0,,1990,2
BAY,NAN,1990-02-12,3.2,10.6,7.0,0.2,0.7,10.0,,1990,2
BAY,NAN,1990-02-20,4.2,11.6,7.5,0.15,0.39,5.0,,1990,2
BAY,NAN,1990-02-27,2.8,13.8,7.0,0.5,1.5,2.5,,1990,2
BAY,NAN,1990-03-05,2.9,11.6,7.0,0.2,0.4,7.0,,1990,3
BAY,NAN,1990-03-12,2.9,9.0,7.0,0.15,0.69,17.0,,1990,3
BAY,NAN,1990-03-19,2.8,7.8,7.0,0.22,0.92,15.0,,1990,3
BAY,NAN,1990-03-26,3.0,10.8,7.0,0.25,0.4,9.5,,1990,3
BAY,NAN,1990-04-02,1.8,9.6,8.0,0.15,0.7,5.0,,1990,4
BAY,NAN,1990-04-09,4.1,10.8,7.0,0.25,0.78,11.0,,1990,4
BAY,NAN,1990-04-16,2.5,9.7,7.0,0.25,0.72,15.0,,1990,4
BAY,NAN,1990-04-23,2.8,10.7,7.0,0.25,0.59,15.0,,1990,4
BAY,NAN,1990-04-30,3.2,10.0,7.0,0.88,1.3,18.0,,1990,4
BAY,NAN,1990-05-07,4.5,8.9,7.0,0.25,0.75,17.0,,1990,5
BAY,NAN,1990-05-14,3.7,8.4,7.0,0.32,1.0,20.0,,1990,5
BAY,NAN,1990-05-21,2.9,,7.0,0.25,0.99,22.0,,1990,5
BAY,NAN,1990-05-29,2.1,8.9,7.0,0.375,0.95,19.0,,1990,5
BAY,NAN,1990-06-04,3.5,6.9,7.0,0.4,1.22,24.0,,1990,6
BAY,NAN,1990-06-11,3.2,7.9,7.0,0.35,0.75,24.0,,1990,6
BAY,NAN,1990-06-16,3.2,7.7,7.0,0.32,0.62,23.5,,1990,6
BAY,NAN,1990-06-24,3.8,7.9,7.0,0.35,0.91,26.0,,1990,6
BAY,NAN,1990-07-02,3.7,7.8,7.0,0.35,0.78,24.0,,1990,7
BAY,NAN,1990-07-09,4.2,7.5,7.5,0.3,0.82,26.0,,1990,7
BAY,NAN,1990-07-16,3.9,7.5,7.0,0.375,1.25,26.5,,1990,7
BAY,NAN,1990-07-26,4.2,6.9,7.75,0.375,0.48,27.0,,1990,7
BAY,NAN,1990-08-06,4.2,7.7,8.0,0.4,0.98,26.0,,1990,8
BAY,NAN,1990-08-13,4.2,7.8,8.0,0.35,0.82,27.0,,1990,8
BAY,NAN,1990-08-27,4.2,8.9,8.0,0.35,0.94,27.0,,1990,8
BAY,NAN,1990-09-04,2.9,8.1,8.0,0.25,0.68,23.0,,1990,9
BAY,NAN,1990-09-17,2.4,8.8,8.0,0.25,0.78,21.0,,1990,9
BAY,NAN,1990-10-15,3.5,8.2,8.0,0.3,0.93,23.0,,1990,10
BAY,NAN,1990-10-29,0.7,12.5,8.0,0.1,0.38,9.0,,1990,10
BAY,NAN,1990-12-17,0.5,11.05,7.5,0.25,0.6,8.0,,1990,12
BAY,NAN,1991-01-07,0.7,11.8,8.0,0.2,0.39,9.0,,1991,1
BAY,NAN,1991-01-14,0.4,12.2,8.0,0.2,0.65,4.5,,1991,1
BAY,NAN,1991-01-24,0.5,13.2,7.5,0.2,0.65,4.5,,1991,1
BAY,NAN,1991-01-03,0.5,11.9,7.5,0.25,0.78,9.0,,1991,1
BAY,NAN,1991-02-04,0.9,,7.5,0.25,0.7,9.0,,1991,2
BAY,NAN,1991-02-11,0.7,11.1,7.5,0.3,0.41,7.5,,1991,2
BAY,NAN,1991-02-21,1.2,10.8,7.5,0.2,0.72,12.0,,1991,2
BAY,NAN,1991-02-25,0.7,11.8,7.5,0.2,0.28,8.0,,1991,2
BAY,NAN,1991-03-04,1.2,10.0,7.5,0.2,1.6,15.0,,1991,3
BAY,NAN,1991-03-11,0.4,12.9,7.5,0.15,0.35,6.0,,1991,3
BAY,NAN,1991-03-18,,9.95,7.7,0.25,0.69,11.0,,1991,3
BAY,NAN,1991-03-25,0.0,9.8,8.0,0.275,0.94,14.0,,1991,3
BAY,NAN,1991-04-04,1.2,10.7,8.0,0.32,0.78,13.0,,1991,4
BAY,NAN,1991-04-08,2.1,8.7,8.0,0.32,0.83,19.0,,1991,4
BAY,NAN,1991-04-15,1.2,8.9,7.5,0.32,0.52,14.0,,1991,4
BAY,NAN,1991-04-22,0.9,9.75,7.5,0.2,0.55,12.5,,1991,4
BAY,NAN,1991-04-29,2.4,8.3,7.5,0.35,0.8,20.5,,1991,4
BAY,NAN,1991-05-06,2.6,8.0,7.5,0.35,0.95,21.0,,1991,5
BAY,NAN,1991-05-20,1.3,9.5,7.5,0.3,0.5,15.5,,1991,5
BAY,NAN,1991-06-10,3.0,6.9,7.5,0.3,0.7,23.0,,1991,6
BAY,NAN,1991-06-17,3.8,6.8,7.5,0.325,1.09,26.0,,1991,6
BAY,NAN,1991-06-26,2.8,8.1,7.5,0.25,0.7,21.0,,1991,6
BAY,NAN,1991-07-09,1.8,7.8,7.5,0.35,0.95,28.0,,1991,7
BAY,NAN,1991-07-15,0.0,8.0,7.5,0.99,0.375,27.5,,1991,7
BAY,NAN,1991-07-25,,7.8,7.0,0.4,0.925,29.0,,1991,7
BAY,NAN,1991-08-02,0.7,8.0,7.5,0.35,1.025,24.5,,1991,8
BAY,NAN,1991-08-09,,8.4,8.0,0.35,1.025,27.0,,1991,8
BAY,NAN,1991-08-16,,8.8,8.0,0.38,1.01,25.0,,1991,8
BAY,NAN,1991-08-23,,7.8,8.0,0.375,0.88,26.0,,1991,8
BAY,NAN,1991-08-30,,7.8,8.0,,,26.0,,1991,8
BAY,NAN,1991-09-06,,7.7,8.0,0.375,0.9,25.0,,1991,9
BAY,NAN,1991-09-13,,8.2,8.0,0.2,0.37,22.5,,1991,9
BAY,NAN,1991-09-23,1.8,8.5,8.0,0.31,0.52,20.0,,1991,9
BAY,NAN,1991-10-04,3.5,7.7,7.5,0.28,0.7,21.0,,1991,10
BAY,NAN,1991-10-17,9.0,9.7,7.5,0.2,0.65,13.0,,1991,10
BAY,NAN,1991-10-31,2.5,9.2,7.5,,1.5,13.0,,1991,10
BAY,NAN,1991-11-07,4.7,10.2,7.7,0.25,0.75,13.0,,1991,11
BAY,NAN,1991-11-14,6.2,11.3,7.0,0.15,0.8,12.0,,1991,11
BAY,NAN,1991-11-21,2.6,9.1,7.0,0.15,0.85,17.0,,1991,11
BAY,NAN,1991-11-29,3.3,10.8,7.5,0.25,0.6,12.0,,1991,11
BAY,NAN,1991-12-09,2.0,10.4,7.5,0.15,0.25,10.0,,1991,12
BAY,NAN,1991-12-20,1.4,15.1,8.0,0.2,0.3,2.0,,1991,12
BAY,NAN,1991-12-27,2.9,11.6,7.5,0.35,0.49,7.0,,1991,12
BAY,NAN,1992-01-03,2.0,11.8,7.5,0.28,0.45,10.0,,1992,1
BAY,NAN,1992-01-09,2.2,11.3,7.5,0.3,0.99,7.5,,1992,1
BAY,NAN,1992-01-20,1.4,12.6,7.0,0.2,0.58,2.0,,1992,1
BAY,NAN,1992-01-30,1.6,11.6,7.0,0.25,0.48,6.0,,1992,1
BAY,NAN,1992-02-10,2.4,14.2,7.0,0.25,0.3,3.0,,1992,2
BAY,NAN,1992-02-17,2.0,11.1,7.0,0.15,0.68,10.0,,1992,2
BAY,NAN,1992-02-23,2.4,10.0,7.5,0.15,0.68,12.5,,1992,2
BAY,NAN,1992-03-02,2.9,11.3,8.0,0.2,0.8,13.0,,1992,3
BAY,NAN,1992-03-09,3.5,10.0,7.5,0.25,0.75,16.0,,1992,3
BAY,NAN,1992-03-16,2.8,,7.0,0.15,0.48,3.0,,1992,3
BAY,NAN,1992-03-23,2.9,11.6,7.5,0.05,0.35,3.0,,1992,3
BAY,NAN,1992-04-06,3.0,11.0,7.5,0.25,0.42,9.0,,1992,4
BAY,NAN,1992-04-13,3.8,10.6,7.5,0.1,0.5,13.0,,1992,4
BAY,NAN,1992-04-20,4.7,9.4,7.0,0.2,0.78,17.0,,1992,4
BAY,NAN,1992-04-27,3.7,9.6,7.0,0.35,0.65,14.0,,1992,4
BAY,NAN,1992-05-05,3.8,8.9,7.5,0.2,0.6,15.5,,1992,5
BAY,NAN,1992-05-11,4.2,9.2,7.5,0.3,0.7,17.5,,1992,5
BAY,NAN,1992-05-18,3.9,9.0,7.5,0.3,0.65,,,1992,5
BAY,NAN,1992-06-01,5.0,9.4,7.0,0.4,0.9,20.0,,1992,6
BAY,NAN,1992-06-08,4.3,7.9,7.0,0.4,1.05,27.5,,1992,6
BAY,NAN,1992-06-15,5.1,7.8,8.0,0.4,0.8,25.0,,1992,6
BAY,NAN,1992-06-22,4.7,9.0,7.5,0.45,0.68,19.0,,1992,6
BAY,NAN,1992-06-29,4.5,0.8,7.5,0.4,0.8,26.0,,1992,6
BAY,NAN,1992-07-06,4.3,7.5,7.5,0.45,1.0,25.0,,1992,7
BAY,NAN,1992-07-13,5.1,7.3,7.5,0.35,0.95,28.5,,1992,7
BAY,NAN,1992-07-27,5.1,7.6,8.0,0.35,0.95,28.0,,1992,7
BAY,NAN,1992-08-03,4.5,8.0,8.0,0.3,0.85,26.0,,1992,8
BAY,NAN,1992-08-07,4.7,8.0,8.0,0.33,0.6,23.0,,1992,8
BAY,NAN,1992-08-14,4.7,7.1,7.5,0.4,0.95,24.5,,1992,8
BAY,NAN,1992-08-23,3.9,8.5,8.0,0.4,0.8,24.5,,1992,8
BAY,NAN,1992-08-31,4.3,7.7,7.5,0.3,1.0,23.0,,1992,8
BAY,NAN,1992-09-14,4.8,9.2,8.0,0.38,0.38,19.5,,1992,9
BAY,NAN,1992-09-20,4.3,7.6,7.5,0.35,0.8,23.5,,1992,9
BAY,NAN,1992-09-27,5.4,9.8,8.0,0.25,0.45,24.0,,1992,9
BAY,NAN,1992-10-05,3.9,9.2,7.5,0.1,0.15,16.0,,1992,10
BAY,NAN,1992-10-19,4.1,9.8,7.5,0.1,1.0,12.0,,1992,10
BAY,NAN,1992-10-26,4.2,10.6,7.0,0.3,0.63,12.5,,1992,10
BAY,NAN,1992-11-02,3.4,10.6,7.5,0.35,0.65,16.5,,1992,11
BAY,NAN,1992-11-09,1.7,11.3,7.5,,0.4,9.0,,1992,11
BAY,NAN,1992-11-16,3.9,11.0,7.5,0.4,0.55,7.5,,1992,11
BAY,NAN,1992-11-23,3.9,9.0,7.85,0.25,0.85,18.5,,1992,11
BAY,NAN,1992-11-30,3.7,10.9,7.5,0.55,0.7,9.0,,1992,11
BAY,NAN,1992-12-17,4.1,10.8,7.0,0.15,0.5,12.0,,1992,12
BAY,NAN,1992-12-20,3.8,10.1,7.0,0.25,0.85,10.5,,1992,12
BAY,NAN,1992-12-27,4.7,13.2,7.0,0.25,0.45,5.5,,1992,12
BAY,NAN,1993-01-04,3.7,11.0,7.0,0.35,0.5,8.0,,1993,1
BAY,NAN,1993-01-11,3.5,11.9,7.0,0.25,0.25,9.0,,1993,1
BAY,NAN,1993-01-24,3.3,10.5,7.0,0.3,0.95,10.5,,1993,1
BAY,NAN,1993-02-01,2.9,12.0,7.0,0.2,0.85,6.0,,1993,2
BAY,NAN,1993-02-08,3.4,12.6,7.0,0.1,0.3,5.0,,1993,2
BAY,NAN,1993-02-16,3.5,12.4,7.0,0.3,0.75,8.0,,1993,2
BAY,NAN,1993-02-22,2.9,12.7,7.0,0.1,0.85,8.0,,1993,2
BAY,NAN,1993-03-08,3.9,10.7,7.0,0.1,1.15,10.0,,1993,3
BAY,NAN,1993-03-15,3.4,12.8,7.0,0.5,1.7,2.5,,1993,3
BAY,NAN,1993-03-22,3.3,11.2,7.0,0.15,0.4,10.0,,1993,3
BAY,NAN,1993-03-29,3.0,10.0,7.0,0.5,0.7,14.5,,1993,3
BAY,NAN,1993-04-01,2.9,9.5,,0.55,3.1,17.5,,1993,4
BAY,NAN,1993-04-05,2.5,10.0,7.0,0.35,0.8,10.0,,1993,4
BAY,NAN,1993-04-12,2.5,9.7,7.0,0.3,1.0,15.5,,1993,4
BAY,NAN,1993-04-19,3.0,10.0,7.0,0.3,1.15,14.5,,1993,4
BAY,NAN,1993-04-26,3.4,8.7,7.0,0.3,1.2,19.0,,1993,4
BAY,NAN,1993-05-10,3.2,8.0,7.0,0.4,0.85,21.0,,1993,5
BAY,NAN,1993-05-17,3.9,8.0,7.0,0.5,1.0,24.0,,1993,5
BAY,NAN,1993-05-24,2.9,9.0,7.0,0.3,0.85,20.0,,1993,5
BAY,NAN,1993-06-07,3.7,,7.0,0.45,0.75,23.0,,1993,6
BAY,NAN,1993-06-14,3.9,8.1,7.0,0.45,0.45,21.5,,1993,6
BAY,NAN,1993-06-21,3.8,7.2,7.0,0.55,1.0,26.5,,1993,6
BAY,NAN,1993-06-28,3.9,7.1,7.0,0.55,0.8,26.5,,1993,6
BAY,NAN,1993-07-05,,7.4,7.5,0.55,0.8,30.0,,1993,7
BAY,NAN,1993-07-19,4.2,7.3,7.5,0.45,0.75,27.0,,1993,7
BAY,NAN,1993-07-26,,7.5,7.5,0.5,0.7,28.0,,1993,7
BAY,NAN,1993-08-02,3.9,8.0,8.0,0.4,0.8,26.5,,1993,8
BAY,NAN,1993-08-09,3.5,9.1,8.0,0.3,0.55,25.5,,1993,8
BAY,NAN,1993-09-06,,7.2,,0.35,0.85,25.5,,1993,9
BAY,NAN,1993-09-13,,7.8,7.0,0.2,0.75,24.0,,1993,9
BAY,NAN,1993-09-20,,8.5,8.0,0.2,0.6,21.5,,1993,9
BAY,NAN,1993-09-27,1.8,7.2,7.9,0.4,0.95,24.5,,1993,9
BAY,NAN,1993-10-04,,9.3,8.3,0.35,0.65,19.0,,1993,10
BAY,NAN,1993-10-12,1.5,8.8,7.8,0.3,0.5,16.5,,1993,10
BAY,NAN,1993-10-18,1.5,8.8,7.7,0.35,0.75,18.0,,1993,10
BAY,NAN,1993-10-25,1.8,10.6,8.4,0.4,0.6,15.6,,1993,10
BAY,NAN,1993-11-08,1.5,8.2,7.5,0.35,0.55,9.8,,1993,11
BAY,NAN,1993-11-15,1.4,9.6,7.9,0.4,0.8,17.3,,1993,11
BAY,NAN,1993-11-29,1.5,9.4,7.1,0.2,0.55,12.1,,1993,11
BAY,NAN,1993-12-06,1.5,9.8,7.4,0.25,0.75,10.5,,1993,12
BAY,NAN,1993-12-13,1.5,13.0,7.6,0.25,0.45,1.3,,1993,12
BAY,NAN,1993-12-28,1.5,12.1,7.1,0.3,0.7,3.8,,1993,12
BAY,NAN,1995-01-16,3.0,8.5,7.4,0.25,0.85,13.5,,1995,1
BAY,NAN,1995-01-23,3.0,10.75,7.1,0.2,0.7,4.5,,1995,1
BAY,NAN,1995-02-13,3.0,12.5,6.8,0.2,0.25,2.0,,1995,2
BAY,NAN,1995-03-06,2.4,9.3,7.1,0.2,0.2,9.5,,1995,3
BAY,NAN,1995-03-13,2.4,9.9,6.9,0.28,0.65,11.5,,1995,3
BAY,NAN,1995-03-20,2.8,8.9,7.1,0.35,0.45,12.5,,1995,3
BAY,NAN,1995-03-27,2.4,9.0,7.1,0.25,0.45,11.0,,1995,3
BAY,NAN,1995-04-03,2.4,9.3,7.1,0.4,0.55,11.5,,1995,4
BAY,NAN,1995-04-10,3.2,8.5,7.1,0.25,0.7,15.0,,1995,4
BAY,NAN,1995-04-18,3.0,9.0,7.1,0.25,0.5,16.0,,1995,4
BAY,NAN,1995-04-24,3.0,9.7,7.4,0.25,0.55,12.5,,1995,4
BAY,NAN,1995-05-01,3.2,8.9,7.2,0.3,0.6,15.0,,1995,5
BAY,NAN,1995-05-15,3.3,6.8,6.8,0.3,0.55,21.5,,1995,5
BAY,NAN,1995-05-22,3.3,6.8,6.8,0.3,0.55,21.5,,1995,5
BAY,NAN,1995-05-29,3.5,8.5,7.5,0.4,0.4,22.0,,1995,5
BAY,NAN,1995-06-05,4.0,7.8,7.6,0.3,0.3,25.0,,1995,6
BAY,NAN,1995-06-12,3.5,7.7,7.9,0.4,0.9,26.5,,1995,6
BAY,NAN,1995-06-19,3.2,7.7,8.0,0.4,0.55,25.0,,1995,6
BAY,NAN,1995-06-26,4.0,8.8,8.3,0.5,0.8,28.5,,1995,6
BAY,NAN,1995-07-03,4.0,8.0,,0.45,0.8,26.0,,1995,7
BAY,NAN,1995-07-10,4.0,7.0,7.9,0.35,0.7,26.0,,1995,7
BAY,NAN,1995-07-17,4.0,7.0,8.0,0.45,1.0,30.0,,1995,7
BAY,NAN,1995-07-24,4.5,7.2,8.4,0.55,0.9,32.0,,1995,7
BAY,NAN,1995-07-31,4.5,7.6,8.1,0.5,0.8,29.5,,1995,7
BAY,NAN,1995-08-07,4.5,8.7,8.2,0.5,0.6,24.0,,1995,8
BAY,NAN,1995-08-22,5.5,7.4,8.8,0.3,0.5,25.0,,1995,8
BAY,NAN,1995-08-29,4.5,9.9,8.7,0.35,0.65,25.5,,1995,8
BAY,NAN,1995-09-05,4.8,10.5,9.0,0.3,0.75,26.0,,1995,9
BAY,NAN,1995-09-12,4.5,10.4,9.2,0.3,0.7,24.5,,1995,9
BAY,NAN,1995-09-28,4.8,9.5,8.7,0.3,0.7,21.0,,1995,9
BAY,NAN,1995-10-05,4.4,9.9,7.2,0.3,0.45,15.5,,1995,10
BAY,NAN,1995-10-06,5.0,8.9,8.5,0.45,1.15,24.5,,1995,10
BAY,NAN,1995-10-11,2.4,8.69,7.2,0.3,0.75,17.5,,1995,10
BAY,NAN,1995-10-20,2.2,9.71,7.6,0.35,0.73,15.0,,1995,10
BAY,NAN,1995-10-23,4.5,11.6,9.0,0.4,0.8,18.5,,1995,10
BAY,NAN,1995-10-26,2.8,8.15,6.7,0.38,0.75,19.0,,1995,10
BAY,NAN,1995-10-30,4.5,9.9,8.5,0.45,0.75,14.0,,1995,10
BAY,NAN,1995-11-06,4.0,11.8,8.5,0.55,0.55,9.5,,1995,11
BAY,NAN,1995-11-13,4.5,11.3,8.1,0.55,0.7,9.5,,1995,11
BAY,NAN,1995-11-20,4.0,11.8,8.4,0.55,0.55,8.0,,1995,11
BAY,NAN,1995-11-27,4.0,9.5,8.1,0.75,0.75,10.0,,1995,11
BAY,NAN,1995-12-11,,,,,,,,1995,12
BAY,NAN,1996-01-22,4.0,11.7,7.4,0.4,0.55,4.0,,1996,1
BAY,NAN,1996-01-29,3.5,11.2,7.2,0.35,0.65,4.0,,1996,1
BAY,NAN,1996-02-12,3.5,10.8,7.1,0.35,0.6,5.0,,1996,2
BAY,NAN,1996-02-26,3.0,8.7,7.1,0.2,0.75,10.5,,1996,2
BAY,NAN,1996-03-04,3.0,11.5,7.4,0.3,0.45,3.5,,1996,3
BAY,NAN,1996-03-11,,,,0.05,0.05,,,1996,3
BAY,NAN,1996-03-18,3.0,10.1,7.0,0.4,0.45,7.5,,1996,3
BAY,NAN,1996-03-25,3.0,10.0,7.2,0.35,0.7,10.0,,1996,3
BAY,NAN,1996-04-08,3.0,10.7,7.3,0.35,0.55,8.0,,1996,4
BAY,NAN,1996-04-22,3.0,9.2,8.2,0.4,0.95,21.0,,1996,4
BAY,NAN,1996-04-29,3.0,8.9,8.0,0.45,0.85,18.0,,1996,4
BAY,NAN,1996-05-13,3.0,9.2,8.1,0.3,0.7,17.0,,1996,5
BAY,NAN,1996-05-20,3.0,9.0,8.8,0.4,0.75,28.0,,1996,5
BAY,NAN,1996-05-27,3.0,9.6,8.6,0.25,0.6,19.0,,1996,5
BAY,NAN,1996-06-03,3.0,8.7,8.5,0.35,0.5,17.0,,1996,6
BAY,NAN,1996-06-10,3.0,8.0,8.1,0.45,1.02,24.0,,1996,6
BAY,NAN,1996-06-17,3.0,8.8,8.4,0.45,0.75,27.0,,1996,6
BAY,NAN,1996-06-24,3.0,8.0,8.6,0.55,0.8,26.5,,1996,6
BAY,NAN,1996-08-02,2.5,6.4,7.3,0.4,0.8,26.0,,1996,8
BAY,NAN,1996-08-11,3.1,,7.6,0.3,0.4,28.5,,1996,8
BAY,NAN,1996-08-18,3.0,4.65,7.3,0.3,0.68,27.5,,1996,8
BAY,NAN,1996-09-01,2.8,2.0,7.4,0.28,0.4,25.0,,1996,9
BAY,NAN,1996-09-15,3.0,2.0,,0.3,0.8,23.5,,1996,9
BAY,NAN,1996-09-22,3.1,2.0,7.4,0.4,0.9,22.0,,1996,9
BAY,NAN,1996-09-28,3.2,1.7,7.5,0.43,0.88,23.0,,1996,9
BAY,NAN,1996-10-05,4.4,9.9,7.2,0.3,0.45,15.5,,1996,10
BAY,NAN,1996-10-11,2.4,8.69,7.2,0.3,0.75,17.5,,1996,10
BAY,NAN,1996-10-20,2.2,9.71,7.6,0.35,0.73,15.0,,1996,10
BAY,NAN,1996-10-26,2.8,8.15,6.7,0.38,0.75,19.0,,1996,10
BAY,NAN,1996-11-03,2.0,6.5,6.8,0.48,0.58,10.1,,1996,11
BAY,NAN,1996-11-12,1.9,11.43,7.1,0.45,0.55,6.2,,1996,11
BAY,NAN,1996-11-17,1.8,11.8,6.8,0.28,0.3,9.1,,1996,11
BAY,NAN,1996-12-01,1.9,10.9,6.9,0.4,0.6,11.0,,1996,12
BAY,NAN,1996-12-08,1.6,11.2,6.9,0.4,0.65,9.1,,1996,12
BAY,NAN,1996-12-21,1.8,12.25,6.9,0.31,0.61,5.21,,1996,12
BAY,NAN,1997-01-05,2.0,9.2,6.7,0.2,0.7,13.5,,1997,1
BAY,NAN,1997-01-19,1.3,13.3,7.0,0.3,0.3,0.0,,1997,1
BAY,NAN,1997-02-01,1.5,10.9,6.6,2.5,3.5,10.1,,1997,2
BAY,NAN,1997-02-15,1.3,10.55,6.6,0.3,0.6,8.2,,1997,2
BAY,NAN,1997-03-03,1.8,9.45,6.9,0.3,0.54,14.1,,1997,3
BAY,NAN,1997-03-15,1.2,10.2,6.5,0.2,0.52,13.2,,1997,3
BAY,NAN,1997-04-13,1.2,9.8,6.9,0.28,0.74,17.1,,1997,4
BAY,NAN,1997-04-19,1.3,10.8,6.7,0.2,0.49,11.0,,1997,4
BAY,NAN,1997-04-26,1.1,10.1,6.8,0.25,0.55,15.5,,1997,4
BAY,NAN,1997-05-04,1.1,9.73,6.5,0.3,0.88,18.0,,1997,5
BAY,NAN,1997-05-12,1.5,9.5,7.3,0.3,0.67,21.0,,1997,5
BAY,NAN,1997-05-16,1.3,10.2,6.6,0.35,0.7,20.5,,1997,5
BAY,NAN,1997-05-24,1.6,9.9,7.5,0.38,0.5,23.0,,1997,5
BAY,NAN,1997-05-30,1.6,9.5,8.0,,0.2,23.0,,1997,5
BAY,NAN,1997-06-08,1.0,10.5,6.3,0.1,0.15,18.0,,1997,6
BAY,NAN,1997-06-21,1.5,7.5,6.5,0.4,0.7,26.5,,1997,6
BAY,NAN,1997-06-27,1.5,8.5,8.0,0.5,0.62,29.0,,1997,6
BAY,NAN,1997-07-06,1.5,7.6,6.8,0.48,0.68,27.0,,1997,7
BAY,NAN,1997-07-12,1.5,8.55,6.4,0.4,0.4,27.0,,1997,7
BAY,NAN,1997-07-20,1.6,8.7,7.4,0.39,0.58,27.5,,1997,7
BAY,NAN,1997-07-27,1.5,9.7,7.8,0.38,0.69,27.0,,1997,7
BAY,NAN,1997-07-29,1.5,8.1,8.0,0.4,0.65,28.0,,1997,7
BAY,NAN,1997-08-09,1.7,9.8,8.6,0.38,0.5,27.5,,1997,8
BAY,NAN,1997-08-15,1.7,7.7,8.2,0.45,0.63,8.4,,1997,8
BAY,NAN,1997-08-22,1.7,9.0,8.2,0.38,0.67,25.5,,1997,8
BAY,NAN,1997-08-30,1.8,9.6,8.1,0.32,0.45,26.0,,1997,8
BAY,NAN,1997-09-14,1.9,9.6,7.9,0.21,0.61,24.0,,1997,9
BAY,NAN,1997-10-05,1.9,10.25,8.2,0.28,0.65,21.6,,1997,10
BAY,NAN,1997-10-26,,9.6,7.5,0.35,0.61,,,1997,10
BAY,NAN,1997-11-09,1.8,10.6,6.5,0.35,0.65,12.0,,1997,11
BAY,NAN,1997-12-06,1.5,14.3,6.9,0.3,0.45,6.0,,1997,12
BAY,NAN,1998-01-04,1.5,12.3,6.4,0.25,0.5,8.9,,1998,1
BAY,NAN,1998-01-25,1.2,12.5,6.5,0.3,0.6,8.1,,1998,1
BAY,NAN,1998-02-22,1.1,10.7,6.3,0.25,0.75,10.5,,1998,2
BAY,NAN,1998-03-22,1.0,11.1,6.4,0.25,0.71,11.0,,1998,3
BAY,NAN,1998-04-19,1.0,10.8,6.9,0.3,0.78,17.0,,1998,4
BAY,NAN,1998-05-02,1.0,10.9,8.2,0.35,0.78,21.5,,1998,5
BAY,NAN,1998-05-17,1.1,9.3,6.8,0.25,0.48,23.5,,1998,5
BAY,NAN,1998-06-07,1.1,10.0,7.2,0.4,0.5,22.9,,1998,6
BAY,NAN,1998-06-14,0.9,9.7,6.8,0.4,0.65,26.0,,1998,6
BAY,NAN,1998-07-05,1.0,8.4,6.9,0.32,0.65,26.0,,1998,7
BAY,NAN,1998-07-25,0.9,8.6,7.3,0.4,0.65,29.0,,1998,7
BAY,NAN,1998-08-23,1.0,11.0,8.8,0.3,0.62,28.0,,1998,8
BAY,NAN,1998-09-12,0.9,10.8,8.5,0.28,0.66,25.0,,1998,9
BAY,NAN,1998-11-02,1.1,10.0,6.9,0.3,0.35,14.0,,1998,11
BAY,NAN,1998-11-21,1.0,10.9,7.3,0.3,0.48,15.0,,1998,11
A,NAN,1999-08-11,3.0,2.6,7.7,0.6,0.6,26.0,,1999,8
A,NAN,1999-08-18,3.0,1.6,8.7,,,31.0,,1999,8
A,NAN,1999-09-08,1.8,1.35,8.2,0.4,1.0,28.0,,1999,9
A,NAN,1999-10-15,0.1,5.65,7.3,0.6,0.8,20.0,,1999,10
A,NAN,1999-11-10,0.0,6.7,7.6,0.65,0.95,18.0,,1999,11
A,NAN,1999-12-16,,4.7,8.2,0.6,0.8,,,1999,12
A,NAN,1999-12-30,1.0,7.8,6.9,0.65,0.85,8.0,,1999,12
B,NAN,1999-08-11,2.5,3.1,8.1,0.25,0.25,27.0,,1999,8
B,NAN,1999-08-18,3.0,2.2,8.9,,,30.0,,1999,8
B,NAN,1999-09-08,0.9,3.6,8.2,0.3,0.3,32.0,,1999,9
B,NAN,1999-10-15,1.0,4.7,7.0,0.3,0.3,17.0,,1999,10
B,NAN,1999-10-27,,,7.7,0.25,0.25,,,1999,10
B,NAN,1999-11-10,1.0,6.3,7.4,0.4,0.4,16.0,,1999,11
B,NAN,1999-12-16,,3.25,7.9,0.21,0.21,,,1999,12
B,NAN,1999-12-30,0.2,6.1,6.9,0.25,0.25,7.0,,1999,12
C,NAN,1999-08-11,3.0,1.9,8.5,0.5,0.5,27.0,,1999,8
C,NAN,1999-08-18,0.1,1.9,8.8,,,27.0,,1999,8
C,NAN,1999-09-08,1.0,2.4,8.0,5.8,5.8,34.0,,1999,9
C,NAN,1999-09-22,1.0,3.7,7.8,0.8,0.8,18.0,,1999,9
C,NAN,1999-10-15,0.1,5.5,6.6,0.55,0.55,19.0,,1999,10
C,NAN,1999-10-27,0.0,3.7,7.7,0.55,0.55,43.0,,1999,10
C,NAN,1999-11-10,0.2,10.0,7.8,0.6,0.6,17.0,,1999,11
C,NAN,1999-12-16,,4.3,7.9,0.7,0.7,,,1999,12
C,NAN,1999-12-30,0.1,7.3,6.9,0.7,0.7,5.0,,1999,12
D,NAN,1999-08-11,0.2,2.5,8.6,0.63,1.25,27.0,,1999,8
D,NAN,1999-08-18,3.0,2.8,8.0,,,28.0,,1999,8
D,NAN,1999-09-08,0.0,1.5,7.4,1.75,1.85,34.5,,1999,9
D,NAN,1999-09-22,0.0,1.9,7.6,0.5,1.65,18.0,,1999,9
D,NAN,1999-10-15,0.0,3.25,7.3,0.55,1.55,17.0,,1999,10
D,NAN,1999-10-27,0.4,3.4,7.4,0.95,1.35,42.5,,1999,10
D,NAN,1999-11-10,0.0,6.5,8.0,1.05,1.5,15.0,,1999,11
D,NAN,1999-11-30,0.0,6.45,8.8,1.15,1.35,,,1999,11
D,NAN,1999-12-16,0.0,7.8,8.9,0.8,1.4,11.0,,1999,12
D,NAN,1999-12-30,0.0,8.25,8.0,1.1,1.4,5.0,,1999,12
BAY,NAN,1999-01-09,1.2,11.2,7.2,0.28,0.5,9.0,,1999,1
BAY,NAN,1999-01-23,1.1,11.2,6.7,0.28,0.6,15.0,,1999,1
BAY,NAN,1999-08-05,1.8,1.8,9.5,0.35,0.35,27.0,,1999,8
BAY,NAN,1999-08-11,3.0,7.0,9.2,0.4,0.65,28.0,,1999,8
BAY,NAN,1999-08-18,3.0,3.0,9.1,,,29.0,,1999,8
BAY,NAN,1999-09-08,2.2,1.9,8.5,0.9,0.95,28.0,,1999,9
BAY,NAN,1999-10-15,2.0,4.8,5.7,0.42,0.5,16.0,,1999,10
BAY,NAN,1999-10-27,0.3,4.3,8.6,0.5,0.5,24.5,,1999,10
BAY,NAN,1999-11-10,1.0,7.5,8.1,5.5,5.5,14.0,,1999,11
BAY,NAN,1999-12-16,1.0,8.7,9.1,0.5,0.85,11.0,,1999,12
BAY,NAN,1999-12-30,0.1,6.1,7.0,0.25,0.45,5.0,,1999,12
A,NAN,2000-02-17,0.08,,8.0,0.95,1.05,9.0,,2000,2
A,NAN,2000-02-29,1.5,5.0,8.1,0.9,1.1,15.0,,2000,2
A,NAN,2000-03-13,1.0,,7.5,0.85,0.88,14.0,,2000,3
A,NAN,2000-04-03,1.0,,7.0,0.55,1.05,19.0,,2000,4
A,NAN,2000-05-01,0.5,3.6,7.1,0.9,1.0,23.0,,2000,5
A,NAN,2000-05-15,1.0,6.4,8.2,0.85,0.9,27.0,,2000,5
A,NAN,2000-05-30,0.5,,7.8,0.65,0.65,15.0,,2000,5
A,NAN,2000-06-13,1.0,,8.0,0.45,0.55,27.0,,2000,6
A,NAN,2000-06-26,1.0,5.5,8.0,0.55,0.55,30.5,,2000,6
A,NAN,2000-07-11,0.8,,8.1,0.37,0.8,31.0,,2000,7
A,NAN,2000-07-24,0.05,6.1,8.0,0.55,0.55,25.0,,2000,7
A,NAN,2000-08-10,0.0,,6.4,0.65,0.65,29.0,,2000,8
A,NAN,2000-08-22,0.0,5.2,7.5,0.65,0.65,25.0,,2000,8
A,NAN,2000-09-06,0.0,,8.0,0.9,0.9,21.0,,2000,9
A,NAN,2000-09-18,0.0,5.8,,0.4,0.75,22.0,,2000,9
A,NAN,2000-10-04,1.1,8.7,8.3,0.55,0.7,35.0,,2000,10
A,NAN,2000-10-26,1.0,,8.7,0.63,0.63,21.0,,2000,10
A,NAN,2000-11-01,0.0,9.75,8.2,0.65,0.65,16.0,,2000,11
A,NAN,2000-11-14,1.0,,7.5,0.5,0.75,13.0,,2000,11
A,NAN,2000-12-11,1.0,,8.0,0.75,0.75,7.5,,2000,12
A,NAN,2000-12-18,1.0,9.9,8.2,0.7,0.7,9.0,,2000,12
B,NAN,2000-02-02,1.0,6.4,7.1,0.35,0.35,5.0,,2000,2
B,NAN,2000-02-17,1.2,,7.8,0.4,0.4,10.0,,2000,2
B,NAN,2000-02-29,1.2,,7.8,0.37,0.37,14.0,,2000,2
B,NAN,2000-03-13,1.5,10.0,7.8,0.3,0.3,12.5,,2000,3
B,NAN,2000-04-03,1.5,,7.0,0.35,0.35,21.0,,2000,4
B,NAN,2000-05-01,1.0,3.5,7.5,0.15,0.15,25.5,,2000,5
B,NAN,2000-05-15,1.5,7.6,9.7,4.0,4.5,30.0,,2000,5
B,NAN,2000-05-30,1.0,,8.0,0.2,0.2,15.0,,2000,5
B,NAN,2000-06-13,1.0,,8.6,0.15,0.4,27.0,,2000,6
B,NAN,2000-06-26,1.0,8.3,8.8,0.05,0.1,30.0,,2000,6
B,NAN,2000-07-11,1.0,,7.6,0.15,0.15,31.0,,2000,7
B,NAN,2000-07-24,1.0,1.8,7.5,0.0,0.15,24.0,,2000,7
B,NAN,2000-08-10,1.0,,6.3,0.23,0.23,29.0,,2000,8
B,NAN,2000-08-22,0.0,2.4,7.8,0.35,0.35,22.0,,2000,8
B,NAN,2000-09-06,0.0,,7.9,0.45,0.45,21.0,,2000,9
B,NAN,2000-09-18,0.8,7.6,7.9,0.1,0.1,20.0,,2000,9
B,NAN,2000-10-04,1.0,8.5,8.5,0.1,0.1,30.0,,2000,10
B,NAN,2000-10-26,2.0,,8.7,0.1,0.25,22.0,,2000,10
B,NAN,2000-11-01,1.0,5.5,8.1,0.1,0.11,14.0,,2000,11
B,NAN,2000-11-14,1.5,,7.8,0.35,0.35,14.0,,2000,11
B,NAN,2000-12-11,1.5,,7.8,0.3,0.65,8.0,,2000,12
B,NAN,2000-12-18,1.5,7.2,7.9,0.2,0.4,7.5,,2000,12
C,NAN,2000-02-02,1.0,5.9,6.9,0.65,0.81,4.0,,2000,2
C,NAN,2000-02-17,1.0,,7.6,0.85,0.85,9.9,,2000,2
C,NAN,2000-02-29,0.9,,7.9,0.85,0.85,16.0,,2000,2
C,NAN,2000-03-13,1.0,,8.6,0.7,0.83,14.0,,2000,3
C,NAN,2000-04-03,1.0,,8.4,0.7,0.9,21.0,,2000,4
C,NAN,2000-05-01,0.5,,7.8,0.6,0.6,,,2000,5
C,NAN,2000-05-15,1.0,,9.3,0.4,0.45,27.0,,2000,5
C,NAN,2000-05-30,0.5,7.9,8.0,0.5,0.5,15.0,,2000,5
C,NAN,2000-06-13,1.0,8.2,9.5,0.4,0.4,28.0,,2000,6
C,NAN,2000-06-26,1.0,,8.8,0.5,0.5,29.0,,2000,6
C,NAN,2000-07-11,0.01,5.7,8.2,0.5,0.5,32.0,,2000,7
C,NAN,2000-07-24,0.5,,8.0,0.45,0.45,25.0,,2000,7
C,NAN,2000-08-10,0.0,6.3,6.7,0.6,0.6,29.0,,2000,8
C,NAN,2000-08-22,0.0,,8.3,0.5,0.5,24.0,,2000,8
C,NAN,2000-09-06,0.0,6.3,8.1,0.55,0.55,21.0,,2000,9
C,NAN,2000-09-18,0.0,,8.1,0.35,0.35,21.0,,2000,9
C,NAN,2000-10-04,1.5,,8.1,0.35,0.35,26.0,,2000,10
C,NAN,2000-10-26,0.5,6.2,8.4,0.25,0.25,21.5,,2000,10
C,NAN,2000-11-01,1.0,,8.3,0.4,0.4,15.0,,2000,11
C,NAN,2000-11-14,1.0,6.0,7.4,0.3,0.3,13.0,,2000,11
C,NAN,2000-12-11,1.0,6.5,8.1,0.1,0.1,7.5,,2000,12
C,NAN,2000-12-18,1.0,,7.9,0.35,0.35,11.0,,2000,12
D,NAN,2000-02-02,0.0,7.1,7.2,1.4,1.4,4.0,,2000,2
D,NAN,2000-02-17,0.0,,8.5,1.45,1.45,9.5,,2000,2
D,NAN,2000-02-29,0.0,6.9,7.0,0.9,0.95,14.0,,2000,2
D,NAN,2000-03-13,0.0,,8.4,0.85,0.95,14.0,,2000,3
D,NAN,2000-04-03,0.0,7.4,8.6,1.1,1.35,20.0,,2000,4
D,NAN,2000-05-01,0.0,,7.6,1.1,1.6,19.5,,2000,5
D,NAN,2000-05-15,0.0,,8.3,0.65,1.55,27.0,,2000,5
D,NAN,2000-05-30,0.0,6.3,8.2,0.1,1.6,15.0,,2000,5
D,NAN,2000-06-13,0.0,6.3,7.7,0.75,1.4,,,2000,6
D,NAN,2000-06-26,0.0,,8.2,0.8,1.6,29.0,,2000,6
D,NAN,2000-07-11,0.0,4.4,8.6,0.65,1.6,27.0,,2000,7
D,NAN,2000-07-24,0.0,,8.1,0.7,0.85,25.0,,2000,7
D,NAN,2000-08-10,0.0,4.1,5.6,0.65,1.6,28.0,,2000,8
D,NAN,2000-08-22,0.0,,8.3,0.6,1.5,24.0,,2000,8
D,NAN,2000-09-06,0.0,5.0,8.5,0.7,1.65,21.0,,2000,9
D,NAN,2000-09-18,0.0,,8.6,0.6,1.52,20.0,,2000,9
D,NAN,2000-10-04,1.0,,8.6,0.8,1.8,27.0,,2000,10
D,NAN,2000-10-26,0.0,8.5,8.8,0.7,1.05,19.5,,2000,10
D,NAN,2000-11-01,0.0,,8.8,1.2,1.4,14.5,,2000,11
D,NAN,2000-11-14,0.0,6.2,9.0,0.7,1.4,13.0,,2000,11
D,NAN,2000-12-11,0.0,10.0,9.3,1.1,1.3,7.0,,2000,12
D,NAN,2000-12-18,0.0,,8.8,1.05,1.45,10.0,,2000,12
BAY,NAN,2000-02-02,1.5,6.1,7.2,0.05,0.4,3.0,,2000,2
BAY,NAN,2000-02-17,1.0,,7.5,0.15,0.35,10.0,,2000,2
BAY,NAN,2000-02-29,1.2,9.0,7.0,0.25,0.35,,,2000,2
BAY,NAN,2000-03-13,1.5,9.75,8.6,0.45,0.5,12.0,,2000,3
BAY,NAN,2000-04-03,1.5,7.6,9.1,0.3,0.7,18.0,,2000,4
BAY,NAN,2000-05-01,1.0,4.1,7.9,0.3,0.65,19.5,,2000,5
BAY,NAN,2000-05-15,1.2,8.0,8.7,0.4,0.45,23.0,,2000,5
BAY,NAN,2000-05-30,,,,,,,,2000,5
BAY,NAN,2000-06-13,1.5,7.3,8.4,0.4,0.64,26.0,,2000,6
BAY,NAN,2000-06-26,1.5,7.0,8.5,0.5,0.85,26.0,,2000,6
BAY,NAN,2000-07-11,1.0,5.0,8.6,0.4,0.8,27.0,,2000,7
BAY,NAN,2000-07-24,1.0,6.4,8.2,0.4,0.55,25.0,,2000,7
BAY,NAN,2000-08-10,1.5,6.0,8.1,0.6,0.68,28.0,,2000,8
BAY,NAN,2000-08-22,1.0,7.1,8.7,0.3,0.45,22.0,,2000,8
BAY,NAN,2000-09-06,1.0,5.2,8.6,0.2,0.45,20.0,,2000,9
BAY,NAN,2000-09-18,1.0,5.5,,0.35,0.55,20.0,,2000,9
BAY,NAN,2000-10-04,0.8,7.3,8.6,0.3,0.7,27.0,,2000,10
BAY,NAN,2000-10-26,1.0,5.3,8.8,0.26,0.35,19.5,,2000,10
BAY,NAN,2000-11-01,1.0,4.8,9.2,0.3,0.3,16.0,,2000,11
BAY,NAN,2000-11-14,1.0,7.8,9.9,0.4,0.6,13.0,,2000,11
BAY,NAN,2000-12-11,1.0,10.0,,0.3,0.5,7.5,,2000,12
BAY,NAN,2000-12-18,1.0,9.4,8.8,0.16,,9.5,,2000,12
A,NAN,2001-01-08,1.0,,7.9,0.8,0.8,5.0,,2001,1
A,NAN,2001-01-23,1.0,5.7,8.4,0.7,0.7,5.0,,2001,1
A,NAN,2001-02-06,1.0,,8.0,0.8,0.8,11.0,,2001,2
A,NAN,2001-02-20,1.0,8.1,7.8,0.75,0.75,10.0,,2001,2
A,NAN,2001-03-15,0.5,7.7,8.0,0.65,0.85,13.5,,2001,3
A,NAN,2001-03-26,1.0,,7.4,0.85,0.85,10.0,,2001,3
A,NAN,2001-04-09,1.0,6.8,,0.6,0.95,22.0,,2001,4
A,NAN,2001-04-24,1.0,,8.4,0.8,0.8,21.0,,2001,4
A,NAN,2001-05-08,1.0,2.5,9.1,0.2,0.65,22.0,,2001,5
A,NAN,2001-05-22,3.0,,8.2,0.45,0.8,24.0,,2001,5
A,NAN,2001-06-05,1.0,5.5,8.7,0.8,0.8,24.0,,2001,6
A,NAN,2001-06-18,1.0,,8.6,0.75,0.75,28.0,,2001,6
A,NAN,2001-07-05,3.0,4.2,8.3,0.4,0.65,27.0,,2001,7
A,NAN,2001-07-20,1.5,4.9,9.2,0.5,0.5,26.0,,2001,7
A,NAN,2001-08-08,3.0,4.5,8.5,0.35,1.1,30.0,,2001,8
A,NAN,2001-08-20,3.3,,7.9,0.4,1.3,27.5,,2001,8
A,NAN,2001-09-05,3.0,3.0,0.3,0.35,1.1,26.0,,2001,9
A,NAN,2001-09-18,2.0,3.6,8.9,0.65,0.9,24.0,,2001,9
A,NAN,2001-10-02,2.0,,7.8,0.5,1.1,21.0,,2001,10
A,NAN,2001-10-22,3.0,3.8,8.4,0.6,0.85,19.0,,2001,10
A,NAN,2001-11-06,3.0,4.9,8.2,0.6,0.8,14.0,,2001,11
A,NAN,2001-11-20,4.0,6.3,,0.2,0.85,12.0,,2001,11
A,NAN,2001-12-04,,6.3,8.1,0.5,1.0,18.0,,2001,12
B,NAN,2001-01-08,2.0,,7.9,0.42,0.42,6.0,,2001,1
B,NAN,2001-01-23,1.0,7.8,8.0,0.3,0.3,6.0,,2001,1
B,NAN,2001-02-06,1.5,,7.8,0.25,0.25,10.0,,2001,2
B,NAN,2001-02-20,1.5,9.3,7.7,0.4,0.4,12.0,,2001,2
B,NAN,2001-03-15,,8.1,7.8,0.4,0.4,,,2001,3
B,NAN,2001-03-26,1.5,,7.7,0.6,0.6,9.0,,2001,3
B,NAN,2001-04-09,1.5,6.5,,0.3,0.3,27.0,,2001,4
B,NAN,2001-04-24,2.0,,8.0,0.2,0.2,22.0,,2001,4
B,NAN,2001-05-08,2.0,3.0,8.7,0.01,0.01,25.0,,2001,5
B,NAN,2001-05-22,3.0,,8.3,0.1,0.1,26.0,,2001,5
B,NAN,2001-06-05,2.0,4.1,8.5,0.1,0.1,24.0,,2001,6
B,NAN,2001-06-18,2.0,,8.3,0.1,0.1,29.0,,2001,6
B,NAN,2001-07-05,3.0,3.9,8.1,0.23,0.23,,,2001,7
B,NAN,2001-07-20,,,,,,,,2001,7
B,NAN,2001-08-08,3.0,2.3,8.3,0.2,0.2,30.0,,2001,8
B,NAN,2001-08-20,3.0,,7.7,0.3,0.3,27.0,,2001,8
B,NAN,2001-09-05,2.5,0.0,7.8,0.1,0.25,25.0,,2001,9
B,NAN,2001-09-18,3.0,1.5,8.5,0.25,0.35,23.0,,2001,9
B,NAN,2001-10-02,3.0,,7.7,0.3,0.3,23.0,,2001,10
B,NAN,2001-10-22,3.0,2.6,8.2,0.2,0.2,20.0,,2001,10
B,NAN,2001-11-06,3.5,4.2,8.3,0.2,0.2,13.0,,2001,11
B,NAN,2001-11-20,3.0,5.3,,0.1,0.3,13.0,,2001,11
B,NAN,2001-12-04,,5.9,8.2,0.15,0.2,16.0,,2001,12
C,NAN,2001-01-08,1.0,5.9,8.3,0.55,0.55,5.0,,2001,1
C,NAN,2001-01-23,1.0,,8.3,0.6,0.6,4.0,,2001,1
C,NAN,2001-02-06,1.0,6.0,7.9,0.6,0.6,10.0,,2001,2
C,NAN,2001-02-20,1.0,,7.7,0.55,0.55,12.0,,2001,2
C,NAN,2001-03-15,1.0,,7.8,0.3,0.6,13.0,,2001,3
C,NAN,2001-03-26,1.0,9.9,8.3,0.6,0.6,9.0,,2001,3
C,NAN,2001-04-09,1.0,,,0.55,0.55,23.0,,2001,4
C,NAN,2001-04-24,1.0,4.8,8.1,0.4,0.4,23.0,,2001,4
C,NAN,2001-05-08,1.0,,8.5,0.4,0.4,19.5,,2001,5
C,NAN,2001-05-22,3.0,2.5,7.6,0.32,0.32,24.0,,2001,5
C,NAN,2001-06-05,2.0,,8.3,0.3,0.3,23.0,,2001,6
C,NAN,2001-06-18,2.0,4.0,8.4,0.3,0.3,27.0,,2001,6
C,NAN,2001-07-05,2.5,,7.9,0.25,0.25,26.0,,2001,7
C,NAN,2001-07-20,,,,,,,,2001,7
C,NAN,2001-08-08,3.0,,8.5,0.25,0.25,31.0,,2001,8
C,NAN,2001-08-20,2.5,5.5,7.9,0.3,0.3,28.0,,2001,8
C,NAN,2001-09-05,3.0,,7.9,0.2,0.2,25.0,,2001,9
C,NAN,2001-09-18,2.0,,8.7,0.2,0.2,24.0,,2001,9
C,NAN,2001-10-02,3.0,6.1,8.3,0.25,0.25,23.0,,2001,10
C,NAN,2001-10-22,3.0,,8.2,0.25,0.25,20.0,,2001,10
C,NAN,2001-11-06,3.0,,8.3,0.3,0.3,13.0,,2001,11
C,NAN,2001-11-20,3.0,,,0.2,0.2,13.0,,2001,11
C,NAN,2001-12-04,,,8.3,0.15,0.15,19.0,,2001,12
D,NAN,2001-01-08,0.0,9.7,8.8,1.0,1.25,6.0,,2001,1
D,NAN,2001-01-23,0.0,,9.2,1.1,1.35,5.0,,2001,1
D,NAN,2001-02-06,0.0,8.4,8.7,1.1,1.4,10.0,,2001,2
D,NAN,2001-02-20,0.0,,8.6,0.65,0.95,14.0,,2001,2
D,NAN,2001-03-15,0.0,,8.7,0.6,1.4,13.0,,2001,3
D,NAN,2001-03-26,0.0,9.6,9.0,0.7,1.5,10.0,,2001,3
D,NAN,2001-04-09,0.0,,,0.65,1.1,22.0,,2001,4
D,NAN,2001-04-24,0.0,4.1,9.3,0.8,1.4,19.5,,2001,4
D,NAN,2001-05-08,0.0,,8.7,0.7,1.3,19.5,,2001,5
D,NAN,2001-05-22,0.0,4.9,8.1,0.7,1.2,23.0,,2001,5
D,NAN,2001-06-05,0.0,,9.1,0.6,1.25,23.0,,2001,6
D,NAN,2001-06-18,0.0,5.5,8.7,0.5,0.9,26.0,,2001,6
D,NAN,2001-07-05,0.0,,8.9,0.4,1.3,26.5,,2001,7
D,NAN,2001-07-20,0.0,,9.3,0.05,1.1,24.0,,2001,7
D,NAN,2001-08-08,0.0,,9.3,0.5,1.05,31.0,,2001,8
D,NAN,2001-08-20,0.0,4.3,8.9,0.2,1.4,27.0,,2001,8
D,NAN,2001-09-05,0.0,,8.5,0.6,1.2,25.0,,2001,9
D,NAN,2001-09-18,0.0,,8.9,0.85,1.0,23.0,,2001,9
D,NAN,2001-10-02,0.0,3.9,8.7,0.7,1.1,19.0,,2001,10
D,NAN,2001-10-22,0.0,,8.8,0.8,1.25,21.0,,2001,10
D,NAN,2001-11-06,0.0,,9.1,1.0,1.0,11.5,,2001,11
D,NAN,2001-11-20,0.0,,,0.9,0.95,14.0,,2001,11
D,NAN,2001-12-04,,,9.1,0.9,1.0,18.0,,2001,12
BAY,NAN,2001-01-08,1.0,8.1,9.2,0.36,0.36,7.0,,2001,1
BAY,NAN,2001-01-23,1.0,9.0,9.3,0.1,0.1,8.0,,2001,1
BAY,NAN,2001-02-06,1.0,8.5,8.8,0.23,0.33,11.0,,2001,2
BAY,NAN,2001-02-20,1.0,9.2,9.1,0.2,0.35,11.0,,2001,2
BAY,NAN,2001-03-15,1.2,9.25,9.2,0.35,0.6,14.0,,2001,3
BAY,NAN,2001-03-26,1.0,9.9,9.4,0.25,0.45,10.0,,2001,3
BAY,NAN,2001-04-09,1.0,8.25,,0.3,0.65,21.0,,2001,4
BAY,NAN,2001-04-24,2.0,6.4,9.3,0.3,0.8,20.0,,2001,4
BAY,NAN,2001-05-08,2.0,5.0,8.6,0.15,0.15,21.0,,2001,5
BAY,NAN,2001-05-22,1.0,7.8,8.8,0.4,0.8,20.0,,2001,5
BAY,NAN,2001-06-05,2.0,4.35,9.2,0.4,0.4,23.0,,2001,6
BAY,NAN,2001-06-18,2.0,5.1,8.6,0.4,0.4,25.0,,2001,6
BAY,NAN,2001-07-05,3.5,5.4,8.7,0.25,0.75,26.0,,2001,7
BAY,NAN,2001-07-20,3.0,7.2,9.8,0.3,0.3,23.0,,2001,7
BAY,NAN,2001-08-08,3.0,4.1,9.1,0.4,0.7,30.0,,2001,8
BAY,NAN,2001-08-20,3.0,4.9,8.7,0.3,0.85,26.0,,2001,8
BAY,NAN,2001-09-05,3.0,4.0,8.5,0.35,0.55,25.0,,2001,9
BAY,NAN,2001-09-18,3.5,4.6,7.7,0.15,0.15,23.0,,2001,9
BAY,NAN,2001-10-02,3.0,4.2,,0.15,0.15,22.0,,2001,10
BAY,NAN,2001-10-22,3.0,4.6,8.6,0.6,0.6,19.0,,2001,10
BAY,NAN,2001-11-06,3.0,5.5,9.5,0.25,0.25,13.0,,2001,11
BAY,NAN,2001-11-20,3.5,3.8,,0.3,0.35,15.0,,2001,11
BAY,NAN,2001-12-04,,,8.4,0.3,0.35,16.0,,2001,12
A,NAN,2002-01-10,3.0,,7.7,1.0,1.0,7.0,,2002,1
A,NAN,2002-01-22,3.0,2.7,7.8,0.8,1.3,9.0,,2002,1
A,NAN,2002-02-11,2.0,,8.4,0.85,1.35,10.0,,2002,2
A,NAN,2002-02-26,2.0,7.6,8.2,1.15,1.15,12.0,,2002,2
A,NAN,2002-03-28,1.0,,,0.7,1.0,13.0,,2002,3
A,NAN,2002-04-17,2.0,,7.5,0.55,1.0,28.0,,2002,4
A,NAN,2002-04-30,1.0,2.3,7.5,0.4,1.1,22.0,,2002,4
A,NAN,2002-05-16,,,7.5,0.3,0.9,,,2002,5
A,NAN,2002-05-28,1.0,,7.0,0.5,0.9,26.0,,2002,5
A,NAN,2002-06-11,2.0,4.2,7.0,0.7,0.7,26.0,,2002,6
A,NAN,2002-06-24,,,7.0,0.9,0.9,,,2002,6
A,NAN,2002-07-08,2.0,,7.0,0.65,0.7,,,2002,7
A,NAN,2002-07-23,3.0,,7.5,0.3,0.3,,,2002,7
A,NAN,2002-08-01,2.0,,7.0,0.5,0.7,,,2002,8
A,NAN,2002-08-22,5.0,,7.0,0.5,0.6,,,2002,8
A,NAN,2002-09-05,0.0,4.5,7.0,0.6,0.8,26.0,,2002,9
A,NAN,2002-09-20,2.0,,7.0,0.6,0.8,,,2002,9
A,NAN,2002-10-18,0.0,,6.5,0.55,0.85,,,2002,10
A,NAN,2002-10-31,1.0,6.4,,1.5,1.5,10.5,,2002,10
A,NAN,2002-11-15,0.0,,6.5,,2.4,13.0,,2002,11
A,NAN,2002-12-06,2.0,7.7,7.0,0.5,1.0,5.0,,2002,12
A,NAN,2002-12-16,0.0,,7.0,0.8,0.8,7.5,,2002,12
B,NAN,2002-01-10,3.4,,7.5,0.3,0.3,10.0,,2002,1
B,NAN,2002-01-22,2.5,7.2,7.9,0.45,0.45,8.0,,2002,1
B,NAN,2002-02-11,2.0,,8.2,0.45,0.45,12.0,,2002,2
B,NAN,2002-02-26,3.0,7.8,8.2,0.45,0.45,12.0,,2002,2
B,NAN,2002-03-28,2.0,,,0.55,0.55,12.0,,2002,3
B,NAN,2002-04-17,2.0,4.2,8.0,0.1,0.2,27.0,,2002,4
B,NAN,2002-04-30,2.0,3.4,8.5,0.5,0.5,18.0,,2002,4
B,NAN,2002-05-16,,,9.0,0.1,0.1,,,2002,5
B,NAN,2002-05-28,3.0,,8.5,0.2,0.2,24.0,,2002,5
B,NAN,2002-06-11,3.0,3.3,7.0,0.1,0.1,25.0,,2002,6
B,NAN,2002-06-24,1.0,,7.0,0.1,0.35,,,2002,6
B,NAN,2002-07-08,3.0,3.2,,0.3,0.35,,,2002,7
B,NAN,2002-07-23,4.0,,7.0,0.2,0.2,,,2002,7
B,NAN,2002-08-01,3.0,,7.0,0.25,0.25,,,2002,8
B,NAN,2002-08-22,4.0,,9.0,0.1,0.1,,,2002,8
B,NAN,2002-09-05,0.0,3.5,7.5,0.28,0.3,27.0,,2002,9
B,NAN,2002-09-20,2.0,,8.0,0.1,0.1,,,2002,9
B,NAN,2002-10-18,1.0,,6.5,0.3,0.3,,,2002,10
B,NAN,2002-11-15,0.0,,7.5,,2.6,14.0,,2002,11
B,NAN,2002-12-16,0.0,,7.0,,,7.5,,2002,12
C,NAN,2002-01-10,3.0,6.8,7.0,0.4,0.4,9.5,,2002,1
C,NAN,2002-01-22,2.5,,7.9,0.45,0.45,8.0,,2002,1
C,NAN,2002-02-11,2.0,8.4,8.2,0.6,0.6,12.0,,2002,2
C,NAN,2002-02-26,2.0,,8.1,0.5,0.5,11.0,,2002,2
C,NAN,2002-03-28,2.5,7.7,,0.6,0.6,11.5,,2002,3
C,NAN,2002-04-17,1.0,,8.0,0.5,0.5,26.0,,2002,4
C,NAN,2002-04-30,1.0,,8.0,0.3,0.3,22.0,,2002,4
C,NAN,2002-05-16,,5.7,8.5,0.25,0.25,,,2002,5
C,NAN,2002-05-28,3.5,4.6,8.0,0.2,0.2,25.0,,2002,5
C,NAN,2002-06-11,2.9,,8.0,2.5,2.5,25.0,,2002,6
C,NAN,2002-06-24,3.0,3.8,8.5,0.2,0.2,28.0,,2002,6
C,NAN,2002-07-08,0.0,,9.0,0.35,0.35,,,2002,7
C,NAN,2002-07-23,4.0,3.3,7.0,0.2,0.2,,,2002,7
C,NAN,2002-08-01,3.0,,7.0,0.25,0.25,,,2002,8
C,NAN,2002-08-22,4.0,4.7,7.0,0.1,0.1,,,2002,8
C,NAN,2002-09-05,0.0,,8.5,0.35,0.35,28.0,,2002,9
C,NAN,2002-09-20,0.0,3.5,8.0,0.2,0.2,,,2002,9
C,NAN,2002-10-18,1.0,6.7,7.0,0.6,0.6,,,2002,10
C,NAN,2002-10-31,1.0,,7.0,,,10.3,,2002,10
C,NAN,2002-11-15,0.0,5.8,7.0,,,18.0,,2002,11
C,NAN,2002-12-06,2.0,,7.0,0.5,0.5,5.0,,2002,12
C,NAN,2002-12-16,0.0,5.6,7.0,0.7,0.7,7.5,,2002,12
D,NAN,2002-01-10,0.0,10.0,6.8,1.4,1.4,9.0,,2002,1
D,NAN,2002-01-22,0.0,,8.9,1.3,1.4,9.0,,2002,1
D,NAN,2002-02-11,0.0,8.3,9.6,1.3,1.45,11.0,,2002,2
D,NAN,2002-02-26,0.0,,9.2,1.25,1.35,11.0,,2002,2
D,NAN,2002-03-28,0.0,7.8,,0.8,1.5,12.0,,2002,3
D,NAN,2002-04-17,0.0,,6.0,0.1,0.4,25.0,,2002,4
D,NAN,2002-04-30,0.0,,6.0,0.6,1.4,21.0,,2002,4
D,NAN,2002-05-16,0.0,3.9,,0.9,1.5,18.0,,2002,5
D,NAN,2002-05-28,0.0,6.1,6.5,0.3,1.3,24.0,,2002,5
D,NAN,2002-06-11,0.0,,6.5,0.2,1.4,25.0,,2002,6
D,NAN,2002-06-24,,4.0,6.5,0.15,1.35,,,2002,6
D,NAN,2002-07-08,0.0,,6.5,0.55,0.7,,,2002,7
D,NAN,2002-07-23,0.0,5.0,7.0,0.85,1.2,,,2002,7
D,NAN,2002-08-01,2.0,,7.5,0.6,1.3,,,2002,8
D,NAN,2002-08-22,0.0,1.2,,0.3,0.95,,,2002,8
D,NAN,2002-09-05,0.0,,7.0,0.75,1.75,26.5,,2002,9
D,NAN,2002-09-20,0.0,4.2,7.0,0.7,1.2,26.0,,2002,9
D,NAN,2002-10-18,0.0,5.3,6.5,0.65,1.5,,,2002,10
D,NAN,2002-10-31,0.0,,6.5,,,10.3,,2002,10
D,NAN,2002-11-15,0.0,6.1,6.5,,,14.0,,2002,11
D,NAN,2002-12-06,1.0,,6.5,0.75,1.4,48.0,,2002,12
D,NAN,2002-12-16,0.0,5.2,6.0,1.1,1.35,6.5,,2002,12
BAY,NAN,2002-01-10,3.0,7.5,6.9,0.2,0.55,,,2002,1
BAY,NAN,2002-01-22,3.0,9.0,9.0,0.3,0.35,59.0,,2002,1
BAY,NAN,2002-02-11,3.0,5.7,9.9,0.1,0.3,12.0,,2002,2
BAY,NAN,2002-02-26,3.0,7.6,9.2,0.3,0.35,11.0,,2002,2
BAY,NAN,2002-03-28,3.0,8.3,,0.25,0.35,12.0,,2002,3
BAY,NAN,2002-04-17,3.0,4.4,7.5,0.3,0.7,25.0,,2002,4
BAY,NAN,2002-04-30,3.0,7.3,7.5,0.4,0.65,18.5,,2002,4
BAY,NAN,2002-05-16,2.5,8.3,7.5,0.2,0.7,20.0,,2002,5
BAY,NAN,2002-05-28,3.0,4.5,7.5,0.3,0.55,24.0,,2002,5
BAY,NAN,2002-06-11,3.0,5.9,8.5,0.3,0.65,23.5,,2002,6
BAY,NAN,2002-06-24,4.0,5.1,7.5,0.4,0.75,27.0,,2002,6
BAY,NAN,2002-07-08,4.0,3.5,8.0,0.4,0.4,,,2002,7
BAY,NAN,2002-07-23,4.0,4.2,7.5,0.4,0.6,,,2002,7
BAY,NAN,2002-08-01,4.0,4.2,7.5,0.6,0.6,,,2002,8
BAY,NAN,2002-08-22,4.0,4.0,7.5,0.4,0.4,,,2002,8
BAY,NAN,2002-09-05,3.0,6.5,7.5,0.5,0.7,27.0,,2002,9
BAY,NAN,2002-09-20,4.0,4.5,7.0,0.4,0.5,,,2002,9
BAY,NAN,2002-10-18,3.0,5.0,7.0,0.35,0.7,,,2002,10
BAY,NAN,2002-10-31,4.0,6.3,7.5,0.5,0.5,10.0,,2002,10
BAY,NAN,2002-11-15,0.0,8.1,7.0,,,12.0,,2002,11
BAY,NAN,2002-12-06,2.0,9.6,7.0,0.1,0.1,5.0,,2002,12
BAY,NAN,2002-12-16,2.0,6.8,7.0,0.3,0.6,7.5,,2002,12
A,NAN,2003-01-03,0.0,8.1,6.5,0.9,1.1,15.0,,2003,1
A,NAN,2003-02-03,0.0,,6.5,0.5,1.1,6.0,,2003,2
A,NAN,2003-02-20,0.0,,6.5,0.8,1.35,7.0,,2003,2
A,NAN,2003-03-06,1.0,,6.5,0.8,1.4,14.0,,2003,3
A,NAN,2003-03-20,1.0,6.4,6.5,0.6,1.0,12.0,,2003,3
A,NAN,2003-04-21,0.0,,5.5,0.3,0.8,17.0,,2003,4
A,NAN,2003-05-01,0.0,3.9,6.5,0.45,1.15,23.0,,2003,5
A,NAN,2003-05-22,1.0,,6.5,0.5,0.8,,,2003,5
A,NAN,2003-06-05,0.0,4.7,6.5,0.5,0.85,24.0,,2003,6
A,NAN,2003-06-20,0.0,,6.5,0.4,1.1,25.0,,2003,6
A,NAN,2003-07-01,0.0,2.7,6.5,0.4,1.0,28.0,,2003,7
A,NAN,2003-07-17,0.0,,7.0,0.6,0.85,29.0,,2003,7
A,NAN,2003-08-07,0.0,3.0,6.5,0.45,1.0,25.0,,2003,8
A,NAN,2003-09-04,0.0,,6.5,0.8,0.9,29.0,,2003,9
A,NAN,2003-10-02,0.0,5.6,6.5,0.6,0.9,20.0,,2003,10
A,NAN,2003-10-23,,,,0.5,0.8,,,2003,10
A,NAN,2003-11-06,0.0,2.9,6.5,0.1,0.8,24.0,,2003,11
A,NAN,2003-11-20,1.0,,7.5,0.5,0.7,14.0,,2003,11
A,NAN,2003-12-01,1.0,8.1,7.0,0.45,0.8,,,2003,12
A,NAN,2003-12-15,2.0,,7.0,0.7,0.95,9.0,,2003,12
B,NAN,2003-01-03,0.0,6.6,7.0,0.2,0.2,13.0,,2003,1
B,NAN,2003-02-03,0.0,,7.0,0.5,0.5,6.0,,2003,2
B,NAN,2003-02-20,0.0,6.4,7.5,0.5,0.5,7.0,,2003,2
B,NAN,2003-03-06,1.0,,7.5,0.48,0.48,15.0,,2003,3
B,NAN,2003-03-20,2.0,3.2,,0.3,0.3,12.0,,2003,3
B,NAN,2003-04-21,0.0,,7.5,0.3,0.3,20.0,,2003,4
B,NAN,2003-05-01,0.0,7.3,7.5,0.6,0.6,25.0,,2003,5
B,NAN,2003-06-05,0.0,8.5,9.5,0.1,0.1,25.1,,2003,6
B,NAN,2003-06-20,0.0,,7.0,0.2,0.2,26.0,,2003,6
B,NAN,2003-07-01,0.0,3.6,,0.3,0.3,26.0,,2003,7
B,NAN,2003-07-17,0.0,,7.5,0.1,0.1,28.0,,2003,7
B,NAN,2003-08-07,0.0,3.2,7.0,0.2,0.2,25.0,,2003,8
B,NAN,2003-09-04,0.0,,7.5,0.1,0.1,29.0,,2003,9
B,NAN,2003-10-02,0.5,5.5,7.0,0.15,0.15,18.0,,2003,10
B,NAN,2003-10-23,1.0,,8.0,0.2,0.2,11.0,,2003,10
B,NAN,2003-11-06,1.0,4.7,7.0,0.15,0.15,25.0,,2003,11
B,NAN,2003-11-20,1.0,,8.0,0.2,0.2,13.5,,2003,11
B,NAN,2003-12-01,1.0,8.8,7.5,0.75,0.2,12.0,,2003,12
B,NAN,2003-12-15,2.0,,7.0,0.3,0.3,9.0,,2003,12
C,NAN,2003-01-03,0.0,,7.0,0.55,0.55,13.0,,2003,1
C,NAN,2003-02-03,0.0,,7.0,0.6,0.6,6.0,,2003,2
C,NAN,2003-02-20,0.0,,7.0,0.8,0.8,7.0,,2003,2
C,NAN,2003-03-06,1.0,3.2,7.0,0.7,0.7,14.0,,2003,3
C,NAN,2003-03-20,2.0,,7.0,0.4,0.4,12.0,,2003,3
C,NAN,2003-04-21,0.0,5.6,7.0,0.4,0.4,18.0,,2003,4
C,NAN,2003-05-01,1.0,,7.0,0.4,0.4,24.0,,2003,5
C,NAN,2003-05-22,1.0,3.3,7.0,0.7,0.7,,,2003,5
C,NAN,2003-06-05,0.0,,7.0,4.0,4.0,,,2003,6
C,NAN,2003-06-20,0.0,4.5,7.0,0.5,0.5,24.0,,2003,6
C,NAN,2003-07-01,0.0,,7.5,0.3,0.3,27.0,,2003,7
C,NAN,2003-07-17,0.0,4.7,7.0,0.35,0.35,28.0,,2003,7
C,NAN,2003-08-07,0.0,,7.0,0.5,0.5,25.0,,2003,8
C,NAN,2003-09-04,0.0,4.7,7.0,0.15,0.15,27.0,,2003,9
C,NAN,2003-10-02,1.0,,7.0,0.6,0.6,20.0,,2003,10
C,NAN,2003-10-23,1.0,5.6,7.5,0.15,0.15,14.0,,2003,10
C,NAN,2003-11-06,1.0,,7.0,0.3,0.3,24.0,,2003,11
C,NAN,2003-11-20,,7.6,7.5,0.2,0.2,,,2003,11
C,NAN,2003-12-01,1.0,,7.5,0.25,0.25,13.0,,2003,12
C,NAN,2003-12-15,,6.8,7.0,0.5,0.5,8.0,,2003,12
D,NAN,2003-01-03,0.0,,6.5,1.0,1.9,12.0,,2003,1
D,NAN,2003-02-03,0.0,7.4,6.0,1.2,1.5,6.0,,2003,2
D,NAN,2003-02-20,,,6.5,,,7.0,,2003,2
D,NAN,2003-03-06,1.0,8.7,6.5,0.7,1.5,,,2003,3
D,NAN,2003-03-20,2.0,,6.0,1.2,1.4,12.0,,2003,3
D,NAN,2003-04-21,0.0,6.8,,1.1,1.5,16.0,,2003,4
D,NAN,2003-05-01,0.0,,6.5,1.0,1.5,25.0,,2003,5
D,NAN,2003-05-22,0.0,5.8,6.5,0.8,1.5,,,2003,5
D,NAN,2003-06-05,0.0,,6.5,0.3,1.5,25.0,,2003,6
D,NAN,2003-06-20,0.0,4.3,6.0,0.5,1.5,25.0,,2003,6
D,NAN,2003-07-01,0.0,,6.0,0.4,1.4,27.0,,2003,7
D,NAN,2003-07-17,0.0,2.9,6.5,0.5,1.4,28.0,,2003,7
D,NAN,2003-08-07,1.0,,6.5,0.6,1.6,25.0,,2003,8
D,NAN,2003-09-04,0.0,4.7,6.5,0.5,1.5,28.0,,2003,9
D,NAN,2003-10-02,1.0,,6.5,0.5,1.6,19.0,,2003,10
D,NAN,2003-10-23,1.0,4.4,6.5,1.1,1.5,14.0,,2003,10
D,NAN,2003-11-20,1.0,6.5,6.5,1.2,1.4,14.5,,2003,11
D,NAN,2003-12-01,1.0,,6.0,1.5,1.5,11.0,,2003,12
D,NAN,2003-12-15,2.0,7.1,6.0,1.5,1.7,12.0,,2003,12
BAY,NAN,2003-01-03,0.0,5.1,7.0,0.3,0.6,14.0,,2003,1
BAY,NAN,2003-02-03,0.0,6.6,7.0,0.4,0.4,7.0,,2003,2
BAY,NAN,2003-02-20,0.0,,7.0,0.25,0.45,7.0,,2003,2
BAY,NAN,2003-03-06,1.0,4.1,6.5,0.3,0.9,14.0,,2003,3
BAY,NAN,2003-03-20,2.0,3.8,7.0,0.2,0.3,11.0,,2003,3
BAY,NAN,2003-04-21,1.0,5.8,7.0,0.3,0.6,16.0,,2003,4
BAY,NAN,2003-05-01,0.0,6.6,6.5,0.4,0.8,,,2003,5
BAY,NAN,2003-05-22,2.0,6.3,6.5,0.3,0.5,20.0,,2003,5
BAY,NAN,2003-06-05,2.0,6.8,6.5,0.4,0.8,,,2003,6
BAY,NAN,2003-06-20,0.0,4.1,7.0,0.4,0.8,24.0,,2003,6
BAY,NAN,2003-07-01,0.0,5.2,6.5,0.4,0.7,27.0,,2003,7
BAY,NAN,2003-07-17,0.0,3.8,6.5,0.4,0.8,26.0,,2003,7
BAY,NAN,2003-08-07,0.0,7.0,7.2,0.5,0.9,25.0,,2003,8
BAY,NAN,2003-09-04,4.0,3.7,7.0,0.5,0.75,27.0,,2003,9
BAY,NAN,2003-10-02,1.0,6.0,6.5,0.5,0.7,,,2003,10
BAY,NAN,2003-10-23,1.0,5.8,6.5,0.4,0.55,14.0,,2003,10
BAY,NAN,2003-11-06,1.0,6.5,6.5,0.75,0.75,23.0,,2003,11
BAY,NAN,2003-11-20,3.0,8.8,6.5,0.4,0.6,14.0,,2003,11
BAY,NAN,2003-12-01,3.0,8.7,6.5,0.2,0.75,11.0,,2003,12
BAY,NAN,2003-12-15,2.0,6.9,6.0,0.4,0.7,8.0,,2003,12
A,NAN,2004-01-04,1.0,8.5,7.0,0.65,1.05,5.0,,2004,1
A,NAN,2004-01-20,2.0,,7.0,0.6,0.9,4.0,,2004,1
A,NAN,2004-02-05,1.0,7.0,7.0,0.8,1.1,60.0,,2004,2
A,NAN,2004-02-19,1.0,,7.0,0.7,1.2,8.0,,2004,2
A,NAN,2004-03-04,0.0,7.5,7.0,1.0,1.2,16.0,,2004,3
A,NAN,2004-03-18,1.0,,7.0,1.0,1.2,10.0,,2004,3
A,NAN,2004-04-01,0.0,6.7,7.0,0.6,1.0,13.0,,2004,4
A,NAN,2004-04-16,1.0,,7.0,0.8,0.9,,,2004,4
A,NAN,2004-04-29,0.0,,7.5,0.7,0.7,22.0,,2004,4
A,NAN,2004-05-13,0.0,3.9,6.0,0.7,0.8,26.0,,2004,5
A,NAN,2004-06-03,0.0,,6.5,,,26.0,,2004,6
A,NAN,2004-06-17,0.0,2.9,6.5,0.5,0.5,26.0,,2004,6
A,NAN,2004-07-08,0.0,,6.5,1.0,1.0,29.0,,2004,7
A,NAN,2004-07-22,0.0,,6.5,0.5,1.5,30.0,,2004,7
A,NAN,2004-08-05,0.0,,6.5,0.95,1.15,30.0,,2004,8
A,NAN,2004-08-19,0.0,3.0,6.5,0.95,0.95,27.0,,2004,8
A,NAN,2004-09-02,0.0,,6.5,0.8,0.8,26.0,,2004,9
A,NAN,2004-09-16,0.0,3.6,6.5,0.4,0.8,26.0,,2004,9
A,NAN,2004-10-01,1.0,,0.7,0.4,0.7,24.0,,2004,10
A,NAN,2004-10-21,1.0,,6.5,1.0,1.5,16.0,,2004,10
A,NAN,2004-11-05,0.0,,7.0,0.7,0.8,16.0,,2004,11
A,NAN,2004-11-18,0.0,8.0,7.0,0.6,0.6,10.0,,2004,11
A,NAN,2004-12-02,0.0,,7.0,1.6,1.8,13.0,,2004,12
A,NAN,2004-12-16,2.0,6.3,7.0,0.9,1.0,5.0,,2004,12
B,NAN,2004-01-04,1.0,8.5,7.0,0.2,0.2,4.0,,2004,1
B,NAN,2004-01-20,2.0,,8.0,0.2,0.2,3.0,,2004,1
B,NAN,2004-02-05,1.0,6.6,7.0,0.25,0.25,5.0,,2004,2
B,NAN,2004-02-19,1.0,,7.0,0.3,0.3,6.5,,2004,2
B,NAN,2004-03-04,0.0,5.4,7.0,0.2,0.2,16.0,,2004,3
B,NAN,2004-03-18,1.0,,7.0,0.3,0.3,9.0,,2004,3
B,NAN,2004-04-01,1.0,7.2,8.0,0.3,0.3,13.0,,2004,4
B,NAN,2004-04-16,1.0,,8.0,0.2,0.2,13.0,,2004,4
B,NAN,2004-04-29,0.0,,8.5,0.1,0.1,22.0,,2004,4
B,NAN,2004-05-13,0.0,3.1,9.0,0.2,0.2,28.0,,2004,5
B,NAN,2004-06-03,0.0,,8.0,0.1,0.1,27.0,,2004,6
B,NAN,2004-06-17,0.0,,7.0,0.1,0.1,26.0,,2004,6
B,NAN,2004-07-08,0.0,,7.0,0.2,0.2,29.0,,2004,7
B,NAN,2004-07-22,0.0,3.1,8.0,0.1,0.1,28.5,,2004,7
B,NAN,2004-08-05,0.0,,7.0,0.25,0.25,32.0,,2004,8
B,NAN,2004-08-19,0.0,2.8,6.5,0.2,0.2,28.0,,2004,8
B,NAN,2004-09-02,0.0,,6.5,0.1,0.1,26.0,,2004,9
B,NAN,2004-09-16,0.0,3.7,7.0,0.2,0.2,26.0,,2004,9
B,NAN,2004-10-01,0.0,,8.0,0.15,0.15,23.0,,2004,10
B,NAN,2004-10-21,2.0,4.5,7.0,0.3,0.3,17.0,,2004,10
B,NAN,2004-11-05,0.0,,7.0,0.25,0.25,15.0,,2004,11
B,NAN,2004-11-18,0.0,5.3,7.0,0.2,0.2,11.0,,2004,11
B,NAN,2004-12-02,1.0,,7.5,0.2,0.2,13.0,,2004,12
B,NAN,2004-12-16,4.0,5.7,7.5,0.2,0.2,4.0,,2004,12
C,NAN,2004-01-04,1.0,,7.0,0.5,0.5,5.0,,2004,1
C,NAN,2004-01-20,2.0,10.0,,0.5,0.5,3.0,,2004,1
C,NAN,2004-02-05,1.0,,7.0,0.6,0.6,7.0,,2004,2
C,NAN,2004-02-19,1.0,9.1,7.0,0.5,0.6,6.0,,2004,2
C,NAN,2004-03-04,0.0,,7.0,0.6,0.6,17.0,,2004,3
C,NAN,2004-03-18,1.0,6.7,7.0,0.6,0.6,10.0,,2004,3
C,NAN,2004-04-01,1.0,,7.0,0.6,0.6,12.0,,2004,4
C,NAN,2004-04-16,1.0,7.4,7.5,0.4,0.4,14.0,,2004,4
C,NAN,2004-04-29,0.0,2.8,7.0,0.3,0.3,,,2004,4
C,NAN,2004-05-13,2.0,,7.0,0.4,0.4,27.0,,2004,5
C,NAN,2004-06-03,0.0,4.2,7.5,0.3,0.3,26.0,,2004,6
C,NAN,2004-06-17,0.0,,7.0,0.4,0.4,25.0,,2004,6
C,NAN,2004-07-08,0.0,3.0,7.5,0.5,0.5,29.0,,2004,7
C,NAN,2004-07-22,0.0,,7.0,0.55,0.55,30.0,,2004,7
C,NAN,2004-08-05,0.0,2.9,6.5,0.6,0.6,29.0,,2004,8
C,NAN,2004-08-19,0.0,,6.5,0.7,0.7,28.0,,2004,8
C,NAN,2004-09-02,0.0,3.6,7.0,0.3,0.3,,,2004,9
C,NAN,2004-09-16,0.0,,7.0,0.25,0.25,27.0,,2004,9
C,NAN,2004-10-01,0.0,5.3,7.5,0.3,0.3,23.0,,2004,10
C,NAN,2004-10-21,2.0,,7.0,0.5,0.5,17.0,,2004,10
C,NAN,2004-11-05,0.0,6.2,7.0,0.5,0.5,15.0,,2004,11
C,NAN,2004-11-18,0.0,,7.0,0.5,0.5,11.0,,2004,11
C,NAN,2004-12-02,1.0,4.2,7.0,0.5,0.5,12.0,,2004,12
C,NAN,2004-12-16,3.0,,7.0,0.5,0.5,4.0,,2004,12
D,NAN,2004-01-04,1.0,,6.5,1.1,1.1,5.0,,2004,1
D,NAN,2004-01-20,0.0,10.0,6.5,1.4,1.4,4.0,,2004,1
D,NAN,2004-02-05,1.0,,6.0,1.5,1.5,5.0,,2004,2
D,NAN,2004-02-19,1.0,10.1,6.5,1.5,1.5,6.0,,2004,2
D,NAN,2004-03-04,0.0,,6.5,1.2,1.2,18.0,,2004,3
D,NAN,2004-03-18,1.0,8.4,6.5,1.0,1.5,,,2004,3
D,NAN,2004-04-01,1.0,,6.5,1.0,1.6,12.0,,2004,4
D,NAN,2004-04-16,1.0,5.8,6.5,0.9,1.5,14.0,,2004,4
D,NAN,2004-04-29,0.0,4.9,6.5,1.1,1.35,19.0,,2004,4
D,NAN,2004-05-13,0.0,,7.0,1.0,1.4,28.0,,2004,5
D,NAN,2004-06-03,0.0,4.5,6.5,0.7,1.3,26.0,,2004,6
D,NAN,2004-06-17,0.0,,6.5,0.6,1.5,,,2004,6
D,NAN,2004-07-08,0.0,2.6,6.5,0.6,1.65,29.0,,2004,7
D,NAN,2004-08-05,0.0,3.1,6.5,0.5,1.6,28.0,,2004,8
D,NAN,2004-08-19,0.0,,6.5,0.8,1.5,29.0,,2004,8
D,NAN,2004-09-02,0.0,3.0,6.5,0.4,1.4,25.2,,2004,9
D,NAN,2004-09-16,0.0,,6.5,0.9,1.5,26.0,,2004,9
D,NAN,2004-10-01,0.0,6.4,6.5,0.6,1.5,24.0,,2004,10
D,NAN,2004-10-21,1.0,3.3,6.5,0.8,0.8,17.0,,2004,10
D,NAN,2004-11-05,0.0,5.5,6.5,1.2,1.4,,,2004,11
D,NAN,2004-11-18,0.0,,6.5,1.4,1.4,12.0,,2004,11
D,NAN,2004-12-02,0.0,7.25,6.5,1.5,1.5,12.0,,2004,12
D,NAN,2004-12-16,,3.0,6.5,1.5,1.5,5.0,,2004,12
BAY,NAN,2004-01-09,1.0,8.2,6.5,0.4,0.4,6.0,,2004,1
BAY,NAN,2004-01-20,1.0,9.5,6.5,0.2,0.3,7.0,,2004,1
BAY,NAN,2004-02-05,0.0,5.9,6.5,0.2,0.25,15.5,,2004,2
BAY,NAN,2004-02-19,1.0,7.5,7.0,0.1,0.1,6.0,,2004,2
BAY,NAN,2004-03-04,1.0,3.7,6.5,0.1,0.5,15.0,,2004,3
BAY,NAN,2004-03-18,0.0,7.7,6.5,0.2,0.45,9.0,,2004,3
BAY,NAN,2004-04-01,0.0,7.6,7.0,0.1,0.1,14.0,,2004,4
BAY,NAN,2004-04-16,1.0,5.7,6.5,0.2,0.5,13.0,,2004,4
BAY,NAN,2004-04-29,0.0,7.1,6.5,0.35,0.45,16.0,,2004,4
BAY,NAN,2004-05-13,0.0,5.6,6.5,0.4,0.75,,,2004,5
BAY,NAN,2004-06-03,0.0,4.8,6.5,0.5,0.7,26.0,,2004,6
BAY,NAN,2004-06-17,0.0,3.3,6.5,0.5,0.8,25.0,,2004,6
BAY,NAN,2004-07-08,1.0,4.7,6.5,0.5,0.6,27.0,,2004,7
BAY,NAN,2004-07-22,2.0,3.1,6.5,0.5,0.55,27.0,,2004,7
BAY,NAN,2004-08-05,0.0,3.15,6.5,0.55,0.6,27.0,,2004,8
BAY,NAN,2004-08-19,0.0,4.75,6.5,0.4,0.8,26.0,,2004,8
BAY,NAN,2004-09-02,0.0,5.2,6.5,0.4,0.6,24.0,,2004,9
BAY,NAN,2004-09-16,0.0,4.0,6.5,0.45,0.65,24.0,,2004,9
BAY,NAN,2004-10-01,1.0,4.3,7.0,0.4,0.7,23.0,,2004,10
BAY,NAN,2004-10-21,1.0,5.8,6.5,0.6,0.7,18.0,,2004,10
BAY,NAN,2004-11-05,1.0,5.9,6.5,0.5,0.6,14.0,,2004,11
BAY,NAN,2004-11-18,0.0,5.9,6.5,0.5,0.5,11.0,,2004,11
BAY,NAN,2004-12-02,0.0,6.3,6.5,0.4,0.65,11.0,,2004,12
BAY,NAN,2004-12-16,2.0,5.2,6.5,0.3,0.3,4.0,,2004,12
A,NAN,2005-01-06,0.0,,6.5,1.0,1.0,12.0,,2005,1
A,NAN,2005-02-03,0.0,5.5,7.0,0.8,0.8,5.0,,2005,2
A,NAN,2005-02-17,2.0,,7.0,1.0,1.0,10.0,,2005,2
A,NAN,2005-03-03,1.0,6.2,7.0,1.1,1.1,5.0,,2005,3
A,NAN,2005-03-10,1.0,,7.0,0.7,0.7,0.7,,2005,3
A,NAN,2005-04-21,0.0,3.3,7.0,0.3,0.9,19.0,,2005,4
A,NAN,2005-05-05,0.0,,7.0,0.6,0.6,17.0,,2005,5
A,NAN,2005-05-24,0.0,4.7,7.0,0.6,0.75,20.0,,2005,5
A,NAN,2005-06-16,0.0,,8.0,0.7,0.85,31.0,,2005,6
A,NAN,2005-07-01,0.0,,7.0,0.8,0.8,30.0,,2005,7
A,NAN,2005-07-14,0.0,2.2,6.0,0.8,0.8,28.0,,2005,7
A,NAN,2005-08-11,0.0,,7.0,1.0,1.4,32.0,,2005,8
A,NAN,2005-08-24,0.0,,7.0,0.5,0.7,27.0,,2005,8
A,NAN,2005-09-08,0.0,4.2,7.0,0.3,0.5,,,2005,9
A,NAN,2005-09-22,0.0,,6.5,0.3,0.5,26.0,,2005,9
A,NAN,2005-10-07,0.0,3.4,6.5,0.6,0.8,24.0,,2005,10
A,NAN,2005-10-27,0.0,,6.5,0.6,0.6,9.0,,2005,10
A,NAN,2005-11-03,0.0,,7.0,0.8,0.8,14.0,,2005,11
A,NAN,2005-11-10,0.0,,6.5,0.9,0.9,17.0,,2005,11
A,NAN,2005-12-01,0.0,7.0,6.5,0.9,0.9,10.0,,2005,12
B,NAN,2005-01-06,0.0,,7.0,0.2,0.2,13.0,,2005,1
B,NAN,2005-02-03,0.0,6.7,7.0,0.3,0.3,34.5,,2005,2
B,NAN,2005-02-17,2.0,,7.0,,,10.0,,2005,2
B,NAN,2005-03-03,2.0,5.3,7.0,0.3,0.3,5.0,,2005,3
B,NAN,2005-03-10,2.0,,7.5,0.4,0.4,7.0,,2005,3
B,NAN,2005-04-21,0.0,5.4,8.5,0.2,0.2,20.0,,2005,4
B,NAN,2005-05-05,0.0,,8.0,0.1,0.1,17.0,,2005,5
B,NAN,2005-05-24,0.0,6.0,9.0,0.1,0.1,20.0,,2005,5
B,NAN,2005-06-16,0.0,,9.0,0.95,,35.0,,2005,6
B,NAN,2005-07-01,0.0,,8.0,0.3,0.3,30.0,,2005,7
B,NAN,2005-07-14,0.0,3.5,6.0,0.1,0.1,28.0,,2005,7
B,NAN,2005-08-11,0.0,,7.0,0.6,0.6,31.0,,2005,8
B,NAN,2005-08-24,0.0,,7.5,0.2,0.2,27.0,,2005,8
B,NAN,2005-09-08,0.0,2.4,7.0,0.1,0.1,26.0,,2005,9
B,NAN,2005-09-22,0.0,,6.5,0.1,0.1,27.0,,2005,9
B,NAN,2005-10-07,0.0,4.5,7.0,0.1,0.1,25.0,,2005,10
B,NAN,2005-10-27,0.0,,6.5,0.1,0.1,14.0,,2005,10
B,NAN,2005-11-03,0.0,5.7,6.5,0.15,0.15,13.0,,2005,11
B,NAN,2005-11-10,0.0,,6.5,0.2,0.2,17.0,,2005,11
B,NAN,2005-12-01,0.0,6.1,7.0,0.5,0.5,13.0,,2005,12
C,NAN,2005-01-06,1.0,4.3,7.0,0.4,0.4,13.0,,2005,1
C,NAN,2005-02-03,0.0,,7.0,0.6,0.6,4.5,,2005,2
C,NAN,2005-02-17,1.0,5.3,7.0,0.6,0.6,12.0,,2005,2
C,NAN,2005-03-03,2.0,,7.0,0.6,0.6,5.0,,2005,3
C,NAN,2005-03-10,1.0,6.9,7.0,0.7,0.7,6.0,,2005,3
C,NAN,2005-04-21,0.0,,8.0,0.6,0.6,21.0,,2005,4
C,NAN,2005-05-05,0.0,4.8,8.0,0.6,0.6,,,2005,5
C,NAN,2005-05-24,0.0,,7.5,0.7,0.7,21.0,,2005,5
C,NAN,2005-06-03,0.0,4.4,8.0,0.7,0.7,18.0,,2005,6
C,NAN,2005-06-16,0.0,4.8,8.5,0.6,0.6,34.0,,2005,6
C,NAN,2005-07-01,0.0,5.1,8.5,0.6,0.6,31.0,,2005,7
C,NAN,2005-07-14,0.0,,6.5,0.6,0.6,32.0,,2005,7
C,NAN,2005-08-11,0.0,5.2,7.5,0.1,0.1,32.0,,2005,8
C,NAN,2005-08-24,0.0,3.6,7.0,0.3,0.3,25.0,,2005,8
C,NAN,2005-09-08,0.0,,8.0,0.1,0.1,25.0,,2005,9
C,NAN,2005-09-22,0.0,2.6,6.5,0.2,0.2,25.0,,2005,9
C,NAN,2005-10-07,0.0,,6.5,,,25.0,,2005,10
C,NAN,2005-10-27,0.0,5.0,7.0,0.35,0.35,14.0,,2005,10
C,NAN,2005-11-03,0.0,,7.5,0.3,0.3,16.0,,2005,11
C,NAN,2005-11-10,0.0,5.0,7.0,0.3,0.3,17.0,,2005,11
C,NAN,2005-12-01,0.0,,7.0,0.4,0.4,12.0,,2005,12
D,NAN,2005-01-06,0.0,7.6,6.5,1.4,1.4,13.0,,2005,1
D,NAN,2005-02-03,0.0,,6.5,1.1,1.45,7.2,,2005,2
D,NAN,2005-02-17,0.0,6.6,6.5,1.3,1.5,10.0,,2005,2
D,NAN,2005-03-03,1.0,,6.5,1.5,1.6,6.0,,2005,3
D,NAN,2005-03-10,1.0,7.7,6.5,1.2,1.4,6.0,,2005,3
D,NAN,2005-04-21,0.0,,6.5,1.1,1.4,21.0,,2005,4
D,NAN,2005-05-05,0.0,5.2,6.5,1.0,1.4,17.0,,2005,5
D,NAN,2005-05-24,0.0,,6.5,0.8,1.5,,,2005,5
D,NAN,2005-06-03,0.0,5.0,6.5,1.0,1.5,18.0,,2005,6
D,NAN,2005-06-16,0.0,4.3,6.5,0.8,1.4,34.0,,2005,6
D,NAN,2005-07-01,0.0,2.7,6.5,0.9,1.3,30.0,,2005,7
D,NAN,2005-07-14,0.0,,7.5,0.9,1.3,30.0,,2005,7
D,NAN,2005-07-21,0.0,4.3,6.5,0.7,1.5,32.0,,2005,7
D,NAN,2005-08-11,0.0,2.9,6.5,0.4,0.8,31.0,,2005,8
D,NAN,2005-08-24,0.0,2.5,,0.7,1.5,27.0,,2005,8
D,NAN,2005-09-08,0.0,,6.5,0.9,1.4,24.0,,2005,9
D,NAN,2005-09-22,0.0,3.9,6.5,0.7,1.0,26.0,,2005,9
D,NAN,2005-10-07,0.0,,6.5,0.7,1.1,25.0,,2005,10
D,NAN,2005-10-27,0.0,5.9,6.5,1.0,1.4,14.0,,2005,10
D,NAN,2005-11-03,0.0,,6.0,1.4,1.4,16.0,,2005,11
D,NAN,2005-11-10,0.0,5.9,6.5,0.9,1.3,17.0,,2005,11
D,NAN,2005-12-01,0.0,,6.5,1.3,1.3,11.0,,2005,12
D,NAN,2005-12-15,0.0,10.0,6.5,0.8,0.9,5.0,,2005,12
BAY,NAN,2005-01-06,1.0,5.9,6.0,0.4,0.5,12.0,,2005,1
BAY,NAN,2005-02-03,0.0,7.3,6.5,0.15,0.15,6.0,,2005,2
BAY,NAN,2005-02-17,0.0,6.3,6.5,0.3,0.5,9.0,,2005,2
BAY,NAN,2005-03-03,1.0,,6.5,0.2,0.45,5.0,,2005,3
BAY,NAN,2005-03-10,1.0,7.4,6.0,0.2,0.4,6.0,,2005,3
BAY,NAN,2005-04-21,0.0,5.2,6.0,0.2,0.5,19.0,,2005,4
BAY,NAN,2005-05-05,0.0,6.9,6.5,0.4,0.4,15.0,,2005,5
BAY,NAN,2005-05-24,0.0,6.3,6.5,0.4,0.6,20.0,,2005,5
BAY,NAN,2005-06-03,0.0,6.6,6.5,0.6,0.7,18.0,,2005,6
BAY,NAN,2005-06-16,,5.4,7.0,0.55,0.65,30.0,,2005,6
BAY,NAN,2005-07-01,0.0,4.3,6.5,0.07,0.07,27.0,,2005,7
BAY,NAN,2005-07-14,0.0,3.6,6.0,0.6,0.7,25.0,,2005,7
BAY,NAN,2005-07-21,0.0,5.7,6.0,0.6,0.6,28.0,,2005,7
BAY,NAN,2005-08-11,0.0,3.7,6.5,0.6,0.6,27.0,,2005,8
BAY,NAN,2005-08-24,0.0,4.9,6.0,0.45,0.45,25.0,,2005,8
BAY,NAN,2005-09-08,0.0,5.0,6.5,0.1,0.1,74.0,,2005,9
BAY,NAN,2005-09-22,0.0,4.3,6.0,0.5,0.7,25.0,,2005,9
BAY,NAN,2005-10-07,0.0,5.3,6.5,0.6,0.7,24.0,,2005,10
BAY,NAN,2005-10-27,0.0,6.2,6.5,0.5,0.5,16.0,,2005,10
BAY,NAN,2005-11-03,0.0,5.7,6.5,0.5,0.5,14.0,,2005,11
BAY,NAN,2005-11-10,0.0,6.6,6.5,0.5,0.7,18.0,,2005,11
BAY,NAN,2005-12-01,0.0,7.2,6.5,0.45,0.45,11.0,,2005,12
BAY,NAN,2005-12-15,0.0,7.6,6.5,0.2,0.2,6.0,,2005,12
A,NAN,2006-01-03,0.0,,6.0,0.7,0.9,11.0,,2006,1
A,NAN,2006-01-19,0.0,7.7,6.5,1.1,1.1,9.0,,2006,1
A,NAN,2006-02-02,0.0,,6.5,1.15,1.15,9.0,,2006,2
A,NAN,2006-02-09,0.0,8.6,7.0,1.0,1.1,7.0,,2006,2
A,NAN,2006-03-09,0.0,,7.0,1.1,1.1,10.0,,2006,3
A,NAN,2006-03-15,0.0,7.8,7.0,1.0,1.0,14.0,,2006,3
A,NAN,2006-04-06,0.0,,7.5,0.4,1.1,17.0,,2006,4
A,NAN,2006-04-21,0.0,,7.0,0.6,1.0,19.0,,2006,4
A,NAN,2006-05-05,0.0,,7.0,0.9,0.9,21.0,,2006,5
A,NAN,2006-05-17,0.0,,6.5,0.8,0.8,22.0,,2006,5
A,NAN,2006-06-01,0.0,5.0,7.0,0.7,0.7,20.0,,2006,6
A,NAN,2006-07-06,0.0,3.6,6.5,0.9,1.0,28.0,,2006,7
A,NAN,2006-07-18,0.0,,7.0,0.8,0.8,31.0,,2006,7
A,NAN,2006-07-27,0.0,2.0,6.5,,,28.0,,2006,7
A,NAN,2006-08-17,0.0,,6.5,0.5,0.6,26.0,,2006,8
A,NAN,2006-09-07,0.0,3.7,6.5,,,24.0,,2006,9
A,NAN,2006-09-21,0.0,,6.5,0.6,0.9,21.0,,2006,9
A,NAN,2006-10-05,0.0,6.3,,0.8,0.8,23.0,,2006,10
A,NAN,2006-10-19,0.0,,7.0,0.8,0.8,21.0,,2006,10
A,NAN,2006-11-06,0.0,,6.5,0.6,0.6,15.0,,2006,11
A,NAN,2006-11-16,0.0,6.0,6.5,0.6,0.95,17.0,,2006,11
A,NAN,2006-11-30,0.0,,6.5,0.6,0.9,15.0,,2006,11
A,NAN,2006-12-14,0.0,7.8,,0.65,0.75,13.0,,2006,12
B,NAN,2006-01-03,0.0,,7.0,0.3,0.3,11.0,,2006,1
B,NAN,2006-01-19,0.0,5.7,7.0,0.2,0.2,8.0,,2006,1
B,NAN,2006-02-02,0.0,,7.0,0.2,0.2,9.0,,2006,2
B,NAN,2006-02-09,0.0,8.5,7.0,0.2,0.2,,,2006,2
B,NAN,2006-03-09,0.0,,7.0,0.3,0.3,11.0,,2006,3
B,NAN,2006-03-15,0.0,7.7,7.0,0.2,0.2,12.0,,2006,3
B,NAN,2006-04-06,0.0,,8.0,0.25,0.25,17.0,,2006,4
B,NAN,2006-04-21,0.0,8.0,7.0,0.2,0.2,18.0,,2006,4
B,NAN,2006-05-05,0.0,,9.0,0.1,0.1,21.0,,2006,5
B,NAN,2006-05-17,0.0,,6.0,0.2,0.2,22.0,,2006,5
B,NAN,2006-06-01,0.0,4.4,7.0,0.1,0.1,26.0,,2006,6
B,NAN,2006-06-16,0.0,3.8,6.0,0.4,0.4,23.0,,2006,6
B,NAN,2006-07-06,0.0,4.7,6.5,0.2,0.2,27.0,,2006,7
B,NAN,2006-07-18,0.0,,6.5,0.2,0.2,20.0,,2006,7
B,NAN,2006-07-27,0.0,2.9,6.5,0.2,0.2,29.0,,2006,7
B,NAN,2006-08-17,0.0,,9.0,0.1,0.1,30.0,,2006,8
B,NAN,2006-09-07,0.0,3.5,6.5,0.2,0.2,25.0,,2006,9
B,NAN,2006-09-21,0.0,,6.5,0.2,0.2,18.0,,2006,9
B,NAN,2006-10-05,0.0,8.2,7.0,0.4,0.4,23.0,,2006,10
B,NAN,2006-10-19,0.0,,7.5,0.3,0.3,22.0,,2006,10
B,NAN,2006-11-06,0.0,,7.0,0.2,0.2,19.0,,2006,11
B,NAN,2006-11-16,0.0,6.8,6.5,0.3,0.3,18.0,,2006,11
B,NAN,2006-11-30,0.0,,7.0,0.2,0.2,16.0,,2006,11
B,NAN,2006-12-14,0.0,7.7,6.0,0.1,0.2,15.0,,2006,12
C,NAN,2006-01-03,0.0,5.9,7.0,0.5,0.5,10.0,,2006,1
C,NAN,2006-01-19,0.0,,7.0,0.5,0.5,10.0,,2006,1
C,NAN,2006-02-02,0.0,8.8,7.0,0.5,0.5,9.0,,2006,2
C,NAN,2006-02-09,0.0,,7.0,0.6,0.6,7.0,,2006,2
C,NAN,2006-03-09,0.0,9.9,7.5,0.5,0.5,10.0,,2006,3
C,NAN,2006-03-15,0.0,,8.0,0.4,0.4,14.0,,2006,3
C,NAN,2006-04-06,0.0,8.2,8.0,0.4,0.4,14.0,,2006,4
C,NAN,2006-04-21,0.0,,7.0,0.3,0.3,18.0,,2006,4
C,NAN,2006-05-05,0.0,9.0,8.5,0.1,0.3,19.0,,2006,5
C,NAN,2006-05-17,0.0,,8.0,,,23.0,,2006,5
C,NAN,2006-06-01,0.0,,9.5,0.2,0.2,29.0,,2006,6
C,NAN,2006-06-16,0.0,,7.0,0.5,0.5,22.0,,2006,6
C,NAN,2006-07-06,0.0,,7.0,0.4,0.4,28.0,,2006,7
C,NAN,2006-07-18,0.0,2.7,6.5,0.2,0.2,26.0,,2006,7
C,NAN,2006-07-27,0.0,,7.0,0.3,0.3,29.0,,2006,7
C,NAN,2006-08-17,0.0,6.8,6.5,0.2,0.2,28.0,,2006,8
C,NAN,2006-09-07,0.0,,6.5,0.7,0.7,24.0,,2006,9
C,NAN,2006-09-21,0.0,5.2,6.5,0.4,0.4,20.0,,2006,9
C,NAN,2006-10-05,0.0,,6.5,0.1,0.1,25.0,,2006,10
C,NAN,2006-10-19,0.0,3.2,,0.2,0.2,,,2006,10
C,NAN,2006-11-06,0.0,4.9,6.5,0.1,0.1,17.0,,2006,11
C,NAN,2006-11-16,0.0,,6.5,1.0,1.0,18.0,,2006,11
C,NAN,2006-11-30,0.0,6.9,6.5,0.1,0.1,14.0,,2006,11
C,NAN,2006-12-14,0.0,,8.0,0.2,0.2,13.0,,2006,12
D,NAN,2006-01-03,0.0,8.1,6.5,1.2,1.6,9.0,,2006,1
D,NAN,2006-01-19,0.0,,6.5,1.4,1.4,10.0,,2006,1
D,NAN,2006-02-02,0.0,8.2,,1.4,1.4,9.0,,2006,2
D,NAN,2006-02-09,,,6.5,1.5,1.5,7.0,,2006,2
D,NAN,2006-03-09,0.0,8.7,6.5,1.4,1.4,10.0,,2006,3
D,NAN,2006-03-15,0.0,,6.5,1.3,1.3,13.0,,2006,3
D,NAN,2006-04-06,0.0,6.2,6.5,1.2,1.4,15.0,,2006,4
D,NAN,2006-04-12,0.0,,6.5,1.1,1.3,18.0,,2006,4
D,NAN,2006-05-05,0.0,6.6,6.5,1.4,1.4,19.0,,2006,5
D,NAN,2006-05-17,0.0,,6.5,1.2,1.5,21.0,,2006,5
D,NAN,2006-06-01,0.0,,6.5,1.1,1.3,28.0,,2006,6
D,NAN,2006-07-06,0.0,,6.5,0.5,1.5,28.0,,2006,7
D,NAN,2006-07-18,0.0,2.7,6.5,0.15,0.2,29.0,,2006,7
D,NAN,2006-07-27,0.0,,6.5,0.6,1.6,30.0,,2006,7
D,NAN,2006-08-17,0.0,3.9,5.0,0.65,1.3,25.0,,2006,8
D,NAN,2006-09-07,0.0,,6.0,0.7,1.65,24.0,,2006,9
D,NAN,2006-09-21,0.0,5.8,6.5,0.9,1.5,20.0,,2006,9
D,NAN,2006-10-05,0.0,,6.5,1.0,1.4,22.0,,2006,10
D,NAN,2006-10-19,0.0,5.3,6.5,0.2,0.6,20.0,,2006,10
D,NAN,2006-11-06,0.0,5.9,6.5,1.3,1.3,13.0,,2006,11
D,NAN,2006-11-16,0.0,,6.5,1.0,1.5,17.0,,2006,11
D,NAN,2006-11-30,0.0,6.7,6.5,1.2,1.5,14.5,,2006,11
D,NAN,2006-12-14,0.0,,6.5,1.4,1.4,13.0,,2006,12
BAY,NAN,2006-01-03,0.0,0.8,6.0,0.6,0.6,9.0,,2006,1
BAY,NAN,2006-01-19,0.0,7.5,6.5,0.3,0.7,9.0,,2006,1
BAY,NAN,2006-02-02,0.0,7.8,6.5,0.5,0.5,7.0,,2006,2
BAY,NAN,2006-02-09,0.0,8.7,6.5,0.4,0.4,7.0,,2006,2
BAY,NAN,2006-03-09,1.0,9.7,6.5,0.2,0.4,10.0,,2006,3
BAY,NAN,2006-03-15,0.0,7.5,7.0,0.2,0.6,11.0,,2006,3
BAY,NAN,2006-04-06,0.0,7.7,6.5,0.5,0.5,13.0,,2006,4
BAY,NAN,2006-04-21,1.0,6.9,6.5,0.3,0.5,17.0,,2006,4
BAY,NAN,2006-05-05,0.0,7.4,6.5,0.1,0.1,19.0,,2006,5
BAY,NAN,2006-05-17,0.0,7.3,6.5,0.5,0.8,20.0,,2006,5
BAY,NAN,2006-06-01,0.0,6.1,6.5,0.5,0.65,25.0,,2006,6
BAY,NAN,2006-06-16,0.0,6.8,6.5,0.5,0.7,22.0,,2006,6
BAY,NAN,2006-07-06,0.0,6.0,6.5,0.4,0.8,27.0,,2006,7
BAY,NAN,2006-07-18,0.0,5.3,6.0,2.0,5.0,27.0,,2006,7
BAY,NAN,2006-07-27,0.0,6.9,6.0,0.4,0.6,28.0,,2006,7
BAY,NAN,2006-08-17,0.0,7.2,7.0,0.4,0.55,25.0,,2006,8
BAY,NAN,2006-09-07,0.0,6.3,7.0,0.45,0.9,23.0,,2006,9
BAY,NAN,2006-09-21,0.0,6.3,7.0,0.5,0.7,19.0,,2006,9
BAY,NAN,2006-10-05,0.0,7.0,7.0,0.4,0.7,22.0,,2006,10
BAY,NAN,2006-10-19,8.0,0.1,7.0,0.4,0.7,18.0,,2006,10
BAY,NAN,2006-11-06,0.0,7.6,6.5,0.3,0.3,11.0,,2006,11
BAY,NAN,2006-11-16,0.0,7.7,6.5,0.6,0.9,18.0,,2006,11
BAY,NAN,2006-11-30,0.0,6.3,6.5,0.5,0.7,14.0,,2006,11
BAY,NAN,2006-12-14,0.0,8.0,6.5,0.4,0.4,13.0,,2006,12
A,NAN,2007-01-04,0.0,,6.5,0.6,0.9,14.0,,2007,1
A,NAN,2007-01-18,0.0,9.8,7.0,0.7,0.7,7.0,,2007,1
A,NAN,2007-02-02,0.0,,7.0,0.7,0.7,5.0,,2007,2
A,NAN,2007-02-15,0.0,8.8,7.0,1.0,1.0,5.0,,2007,2
A,NAN,2007-03-01,,,7.0,0.8,0.9,11.0,,2007,3
A,NAN,2007-04-06,0.0,,7.0,0.6,0.9,15.0,,2007,4
A,NAN,2007-04-19,0.0,,7.0,0.7,0.8,13.0,,2007,4
A,NAN,2007-05-03,0.0,,6.5,0.6,0.9,19.0,,2007,5
A,NAN,2007-05-31,0.0,,7.0,0.5,0.5,26.0,,2007,5
A,NAN,2007-06-14,0.0,,6.5,0.9,0.9,23.0,,2007,6
A,NAN,2007-07-05,0.0,,7.5,0.9,1.0,28.0,,2007,7
A,NAN,2007-07-19,0.0,,7.0,0.8,1.0,30.0,,2007,7
A,NAN,2007-08-02,0.0,3.7,7.0,0.5,0.75,30.0,,2007,8
A,NAN,2007-08-21,0.0,,6.5,0.5,0.8,28.0,,2007,8
A,NAN,2007-09-06,0.0,2.3,7.0,0.8,0.8,26.0,,2007,9
A,NAN,2007-09-27,0.0,,7.5,0.5,0.9,25.0,,2007,9
A,NAN,2007-10-11,0.0,,7.0,0.2,1.0,27.0,,2007,10
A,NAN,2007-10-18,0.0,3.8,,0.3,1.0,23.0,,2007,10
A,NAN,2007-11-01,0.0,,7.0,0.65,1.1,28.0,,2007,11
A,NAN,2007-11-12,0.0,3.9,7.0,0.8,1.0,13.0,,2007,11
A,NAN,2007-12-06,0.0,,6.5,0.7,1.9,5.0,,2007,12
A,NAN,2007-12-20,0.0,,6.5,0.5,1.0,7.0,,2007,12
B,NAN,2007-01-04,0.0,,7.0,0.2,0.2,13.0,,2007,1
B,NAN,2007-01-18,0.0,6.8,7.0,0.3,0.3,6.0,,2007,1
B,NAN,2007-02-02,0.0,,7.0,0.3,0.3,5.0,,2007,2
B,NAN,2007-02-15,0.0,10.0,6.5,0.2,0.2,2.0,,2007,2
B,NAN,2007-03-01,,,6.5,0.3,0.3,10.0,,2007,3
B,NAN,2007-03-21,0.0,9.4,6.5,0.15,0.15,14.0,,2007,3
B,NAN,2007-04-06,0.0,,7.0,0.3,0.3,13.0,,2007,4
B,NAN,2007-04-19,0.0,8.1,6.5,0.2,0.2,13.0,,2007,4
B,NAN,2007-05-03,0.0,,6.5,0.3,0.3,19.0,,2007,5
B,NAN,2007-05-24,0.0,5.9,8.5,0.3,0.3,23.0,,2007,5
B,NAN,2007-05-31,0.0,,7.5,0.3,0.3,25.0,,2007,5
B,NAN,2007-06-14,0.0,,7.0,0.4,0.4,23.0,,2007,6
B,NAN,2007-07-05,0.0,3.1,7.5,0.3,0.3,25.0,,2007,7
B,NAN,2007-07-19,0.0,,7.0,0.3,0.3,30.0,,2007,7
B,NAN,2007-08-02,0.0,2.6,6.5,0.25,0.25,29.0,,2007,8
B,NAN,2007-08-21,0.0,,6.5,0.2,0.2,28.0,,2007,8
B,NAN,2007-09-06,0.0,,8.5,0.1,0.2,30.0,,2007,9
B,NAN,2007-09-27,0.0,,8.0,0.3,0.3,26.0,,2007,9
B,NAN,2007-10-11,0.0,,7.5,0.3,0.3,23.0,,2007,10
B,NAN,2007-10-18,0.0,4.9,,0.3,0.48,23.0,,2007,10
B,NAN,2007-11-01,0.0,,7.0,0.2,0.2,28.0,,2007,11
B,NAN,2007-11-12,0.0,6.2,7.0,0.4,0.4,12.0,,2007,11
B,NAN,2007-12-06,0.0,,7.0,0.4,0.5,5.0,,2007,12
B,NAN,2007-12-20,0.0,,6.5,0.5,0.5,8.0,,2007,12
C,NAN,2007-02-02,0.0,9.3,8.0,0.2,0.2,5.0,,2007,2
C,NAN,2007-02-15,0.0,,7.0,0.5,0.5,4.0,,2007,2
C,NAN,2007-03-01,,7.7,7.0,0.4,0.4,,,2007,3
C,NAN,2007-03-21,0.0,,7.0,0.5,0.5,15.0,,2007,3
C,NAN,2007-04-06,0.0,8.4,7.0,0.4,0.4,15.0,,2007,4
C,NAN,2007-04-19,0.0,,7.5,0.45,0.45,13.0,,2007,4
C,NAN,2007-05-03,0.0,5.8,7.5,0.4,0.4,19.0,,2007,5
C,NAN,2007-05-24,0.0,,8.5,0.2,0.2,24.0,,2007,5
C,NAN,2007-05-31,0.0,,8.5,0.1,0.1,26.0,,2007,5
C,NAN,2007-06-14,1.0,5.1,8.0,0.3,0.3,21.0,,2007,6
C,NAN,2007-07-05,0.0,,7.5,0.5,0.5,26.0,,2007,7
C,NAN,2007-07-19,0.0,4.3,6.7,0.3,0.3,,,2007,7
C,NAN,2007-08-02,0.0,,9.0,0.4,0.4,30.0,,2007,8
C,NAN,2007-08-21,0.0,4.5,7.0,0.3,0.3,28.0,,2007,8
C,NAN,2007-09-06,0.0,,8.5,0.15,0.15,27.0,,2007,9
C,NAN,2007-09-27,0.0,2.0,,0.4,0.4,25.0,,2007,9
C,NAN,2007-10-11,0.0,4.3,7.0,0.3,0.3,21.0,,2007,10
C,NAN,2007-10-18,0.0,,,0.3,0.3,23.0,,2007,10
C,NAN,2007-11-01,0.0,5.3,7.0,0.35,0.35,28.0,,2007,11
C,NAN,2007-11-12,,,7.5,0.3,0.3,16.0,,2007,11
C,NAN,2007-12-06,0.0,6.2,7.0,0.5,0.75,5.0,,2007,12
C,NAN,2007-12-20,0.0,5.2,6.5,0.6,0.65,7.0,,2007,12
D,NAN,2007-01-04,0.0,7.6,5.0,1.2,1.6,54.0,,2007,1
D,NAN,2007-01-18,0.0,,6.0,0.9,0.9,7.0,,2007,1
D,NAN,2007-02-02,0.0,10.0,6.5,2.0,2.0,5.0,,2007,2
D,NAN,2007-02-15,0.0,,6.5,1.9,1.9,4.0,,2007,2
D,NAN,2007-03-01,,8.8,6.0,1.4,1.4,10.0,,2007,3
D,NAN,2007-04-06,0.0,7.1,6.0,1.0,1.3,14.0,,2007,4
D,NAN,2007-04-19,0.0,,6.5,1.0,1.3,12.0,,2007,4
D,NAN,2007-05-03,0.0,5.9,6.5,0.9,2.0,20.0,,2007,5
D,NAN,2007-05-31,0.0,,6.5,1.0,1.1,27.0,,2007,5
D,NAN,2007-06-14,0.0,5.9,6.5,0.9,1.1,21.0,,2007,6
D,NAN,2007-07-05,0.0,3.9,6.5,0.5,0.9,24.0,,2007,7
D,NAN,2007-07-19,0.0,5.2,,0.8,0.9,29.0,,2007,7
D,NAN,2007-08-02,0.0,,7.5,0.8,1.1,31.0,,2007,8
D,NAN,2007-08-21,0.0,5.7,7.0,0.7,0.9,28.0,,2007,8
D,NAN,2007-09-06,0.0,,8.5,0.75,0.9,28.0,,2007,9
D,NAN,2007-09-27,0.0,4.1,8.5,0.5,0.8,26.0,,2007,9
D,NAN,2007-10-11,0.0,3.3,7.0,0.6,0.9,22.0,,2007,10
D,NAN,2007-10-18,0.0,,,0.75,0.85,23.0,,2007,10
D,NAN,2007-11-01,0.0,5.9,7.0,0.75,1.0,28.0,,2007,11
D,NAN,2007-11-12,,,7.0,0.8,1.1,18.0,,2007,11
D,NAN,2007-12-06,0.0,8.7,7.0,1.0,1.0,5.0,,2007,12
D,NAN,2007-12-20,0.0,6.3,6.0,1.1,1.1,7.0,,2007,12
BAY,NAN,2007-01-04,0.0,9.0,6.5,0.6,0.6,12.0,,2007,1
BAY,NAN,2007-01-18,0.0,10.1,6.5,0.2,0.2,6.0,,2007,1
BAY,NAN,2007-02-02,0.0,8.1,6.5,0.45,0.45,5.0,,2007,2
BAY,NAN,2007-02-15,0.0,9.3,6.5,0.3,0.3,3.0,,2007,2
BAY,NAN,2007-03-01,,7.2,6.5,0.3,0.4,9.0,,2007,3
BAY,NAN,2007-03-21,0.0,8.7,6.5,0.3,0.37,11.0,,2007,3
BAY,NAN,2007-04-06,0.0,9.9,6.5,0.4,0.45,11.0,,2007,4
BAY,NAN,2007-04-19,0.0,8.7,6.5,0.1,0.2,13.0,,2007,4
BAY,NAN,2007-05-03,0.0,7.2,6.5,0.4,0.7,19.0,,2007,5
BAY,NAN,2007-05-24,0.0,6.9,7.0,0.5,0.6,20.0,,2007,5
BAY,NAN,2007-05-31,0.0,,6.5,0.45,0.65,24.0,,2007,5
BAY,NAN,2007-06-14,0.0,8.8,6.5,7.4,7.4,20.0,,2007,6
BAY,NAN,2007-07-05,0.0,,7.5,0.9,1.0,28.0,,2007,7
BAY,NAN,2007-07-19,0.0,4.7,7.0,0.3,0.7,27.0,,2007,7
BAY,NAN,2007-08-02,0.0,3.2,8.0,0.45,0.55,28.0,,2007,8
BAY,NAN,2007-08-21,0.0,5.1,7.5,0.4,0.8,26.0,,2007,8
BAY,NAN,2007-09-06,0.0,4.2,8.5,0.5,0.65,25.0,,2007,9
BAY,NAN,2007-09-27,0.0,3.2,8.0,0.5,0.9,25.0,,2007,9
BAY,NAN,2007-10-11,0.0,3.2,7.0,0.4,0.7,23.0,,2007,10
BAY,NAN,2007-10-18,0.0,4.2,,0.4,0.8,21.0,,2007,10
BAY,NAN,2007-11-01,0.0,3.7,7.0,0.4,0.7,28.0,,2007,11
BAY,NAN,2007-11-12,0.0,4.1,7.0,0.55,0.6,13.0,,2007,11
BAY,NAN,2007-12-06,0.0,6.8,7.0,0.25,0.25,5.0,,2007,12
BAY,NAN,2007-12-20,0.0,6.3,7.0,0.4,0.6,6.0,,2007,12
A,NAN,2008-01-03,0.0,,6.5,1.0,1.3,4.0,,2008,1
A,NAN,2008-01-17,1.0,,6.5,1.2,1.3,6.0,,2008,1
A,NAN,2008-02-07,0.0,,6.5,0.2,0.9,15.0,,2008,2
A,NAN,2008-02-19,0.0,5.1,6.5,0.7,2.1,12.0,,2008,2
A,NAN,2008-03-07,0.0,,6.5,0.9,0.9,4.0,,2008,3
A,NAN,2008-03-21,0.0,4.8,6.5,0.8,1.5,15.0,,2008,3
A,NAN,2009-04-03,0.0,,7.0,0.5,1.2,14.0,,2009,4
A,NAN,2008-04-17,0.0,4.0,6.5,0.5,1.2,16.0,,2008,4
A,NAN,2008-05-22,0.0,4.3,7.0,0.6,1.0,22.0,,2008,5
A,NAN,2008-06-05,0.0,,8.2,0.6,0.8,28.0,,2008,6
A,NAN,2008-06-19,1.0,5.2,7.0,0.6,0.7,27.0,,2008,6
A,NAN,2008-07-03,1.0,,7.0,0.8,0.1,29.0,,2008,7
A,NAN,2008-07-21,1.0,3.8,6.5,0.7,1.3,32.0,,2008,7
A,NAN,2008-08-07,0.0,,6.5,0.6,1.0,29.0,,2008,8
A,NAN,2008-08-21,,,6.5,0.7,0.9,26.0,,2008,8
A,NAN,2008-09-09,1.0,,,0.5,1.0,28.0,,2008,9
A,NAN,2008-09-23,1.0,6.6,7.0,0.5,0.5,20.0,,2008,9
A,NAN,2008-10-09,0.0,,6.5,0.8,1.0,21.5,,2008,10
A,NAN,2008-10-28,1.0,,7.0,0.9,0.9,13.0,,2008,10
A,NAN,2008-11-06,1.0,6.8,6.5,0.8,0.85,15.0,,2008,11
A,NAN,2008-11-18,1.0,,6.5,0.5,0.5,8.5,,2008,11
A,NAN,2008-12-04,1.0,,6.5,1.6,1.7,8.0,,2008,12
A,NAN,2008-12-16,1.0,,6.5,0.55,0.55,10.0,,2008,12
B,NAN,2008-01-03,0.0,,7.0,0.4,0.4,0.0,,2008,1
B,NAN,2008-01-17,1.0,4.9,7.0,0.7,0.9,5.0,,2008,1
B,NAN,2008-02-07,0.0,,7.0,0.45,0.45,15.0,,2008,2
B,NAN,2008-02-19,0.0,6.2,,0.53,0.53,12.0,,2008,2
B,NAN,2008-03-07,0.0,,7.0,,,5.0,,2008,3
B,NAN,2008-03-21,0.0,6.9,8.0,0.6,0.6,13.0,,2008,3
B,NAN,2008-04-03,0.0,,8.5,0.2,0.6,14.0,,2008,4
B,NAN,2008-04-17,0.0,5.3,8.5,0.55,0.55,13.0,,2008,4
B,NAN,2008-05-08,0.0,,6.5,0.3,1.0,22.0,,2008,5
B,NAN,2008-05-22,0.0,5.2,7.0,0.4,0.4,22.0,,2008,5
B,NAN,2008-06-05,0.0,,8.0,0.4,0.4,27.0,,2008,6
B,NAN,2008-06-19,1.0,5.9,7.5,0.2,0.4,26.0,,2008,6
B,NAN,2008-07-03,1.0,,7.0,0.3,0.3,28.0,,2008,7
B,NAN,2008-07-21,1.0,2.8,7.5,2.5,2.5,30.0,,2008,7
B,NAN,2008-08-07,0.0,,8.5,0.35,0.35,28.0,,2008,8
B,NAN,2008-08-21,,,7.0,0.2,0.2,26.0,,2008,8
B,NAN,2008-09-09,1.0,,,0.2,0.2,28.0,,2008,9
B,NAN,2008-09-23,2.0,3.9,7.0,0.1,0.2,20.0,,2008,9
B,NAN,2008-10-09,0.0,,6.5,0.2,0.3,21.0,,2008,10
B,NAN,2008-10-28,1.0,,7.5,0.3,0.3,11.0,,2008,10
B,NAN,2008-11-06,3.0,7.0,7.5,0.3,0.3,15.0,,2008,11
B,NAN,2008-11-18,1.0,,7.0,0.4,0.5,7.0,,2008,11
B,NAN,2008-12-04,0.0,,,0.4,0.4,8.0,,2008,12
B,NAN,2008-12-16,1.0,,7.0,0.6,0.6,11.0,,2008,12
C,NAN,2008-01-03,0.0,,7.0,0.65,0.7,0.0,,2008,1
C,NAN,2008-01-17,1.0,,7.0,0.6,0.6,5.0,,2008,1
C,NAN,2008-02-07,0.0,4.3,7.0,0.7,0.7,16.0,,2008,2
C,NAN,2008-02-19,0.0,,7.0,0.7,0.7,12.0,,2008,2
C,NAN,2008-03-07,0.0,5.2,7.0,0.6,0.6,4.0,,2008,3
C,NAN,2008-03-21,0.0,,8.0,0.5,0.5,14.0,,2008,3
C,NAN,2008-04-03,0.0,6.5,7.0,0.3,0.5,13.0,,2008,4
C,NAN,2008-05-08,0.0,2.3,7.0,0.4,0.6,20.0,,2008,5
C,NAN,2008-05-22,0.0,,7.0,0.45,0.6,22.0,,2008,5
C,NAN,2008-06-05,0.0,5.4,8.0,0.25,0.4,29.0,,2008,6
C,NAN,2008-06-19,2.0,,8.5,0.25,0.5,27.0,,2008,6
C,NAN,2008-07-03,1.0,5.1,7.0,0.4,0.4,29.0,,2008,7
C,NAN,2008-07-21,1.0,,8.0,0.3,0.4,31.0,,2008,7
C,NAN,2008-08-07,2.0,,7.0,0.35,0.35,28.0,,2008,8
C,NAN,2008-08-21,,5.5,8.0,0.2,0.2,5.5,,2008,8
C,NAN,2008-09-09,1.0,3.1,7.5,0.2,0.2,28.0,,2008,9
C,NAN,2008-09-23,1.0,,8.0,0.1,0.1,21.0,,2008,9
C,NAN,2008-10-09,0.0,3.9,8.0,0.2,0.2,21.0,,2008,10
C,NAN,2008-10-28,1.0,6.3,8.0,0.4,0.5,10.0,,2008,10
C,NAN,2008-11-06,2.0,,7.5,0.3,0.3,15.0,,2008,11
C,NAN,2008-11-18,1.0,6.3,7.0,0.5,0.5,8.0,,2008,11
C,NAN,2008-12-04,0.0,7.1,6.0,0.9,1.5,8.0,,2008,12
C,NAN,2008-12-16,1.0,6.4,7.5,0.3,0.5,10.0,,2008,12
D,NAN,2008-01-03,0.0,,6.5,0.8,0.9,3.0,,2008,1
D,NAN,2008-01-17,1.0,5.1,6.5,0.9,1.3,6.0,,2008,1
D,NAN,2008-02-07,0.0,6.5,6.5,1.9,1.9,15.0,,2008,2
D,NAN,2008-02-19,0.0,,6.5,1.2,1.3,12.0,,2008,2
D,NAN,2008-03-07,0.0,8.1,6.5,1.2,2.0,4.0,,2008,3
D,NAN,2008-03-21,0.0,,6.5,0.9,1.5,13.0,,2008,3
D,NAN,2008-04-03,0.0,7.0,6.5,0.7,1.3,12.0,,2008,4
D,NAN,2008-04-17,0.0,,6.5,0.95,1.2,25.0,,2008,4
D,NAN,2008-05-08,0.0,2.2,6.0,0.3,1.5,20.0,,2008,5
D,NAN,2008-05-22,0.0,,6.5,0.6,1.5,22.0,,2008,5
D,NAN,2008-06-05,0.0,5.0,7.0,0.7,1.3,28.0,,2008,6
D,NAN,2008-06-19,1.0,,6.5,0.5,1.3,25.0,,2008,6
D,NAN,2008-07-03,1.0,4.6,7.0,0.6,1.2,27.0,,2008,7
D,NAN,2008-07-21,1.0,,7.5,0.9,1.2,32.0,,2008,7
D,NAN,2008-08-07,0.0,5.0,6.5,0.7,1.2,28.0,,2008,8
D,NAN,2008-08-21,,5.1,6.5,0.6,1.3,26.0,,2008,8
D,NAN,2008-09-09,1.0,6.0,6.5,0.7,1.2,27.0,,2008,9
D,NAN,2008-09-23,0.0,,7.0,0.1,0.15,20.0,,2008,9
D,NAN,2008-10-09,0.0,6.0,6.5,1.0,1.4,21.0,,2008,10
D,NAN,2008-10-28,1.0,8.1,6.5,1.2,1.4,12.0,,2008,10
D,NAN,2008-11-06,2.0,,6.5,1.0,1.2,15.0,,2008,11
D,NAN,2008-11-18,1.0,6.0,6.5,0.7,1.4,10.0,,2008,11
D,NAN,2008-12-04,0.0,,6.5,0.35,0.35,7.0,,2008,12
D,NAN,2008-12-16,1.0,6.4,6.5,0.7,1.5,11.0,,2008,12
BAY,NAN,2008-01-03,0.0,,7.0,0.2,0.4,1.0,,2008,1
BAY,NAN,2008-01-17,1.0,7.1,7.0,0.3,0.3,6.0,,2008,1
BAY,NAN,2008-02-07,0.0,3.0,7.0,0.2,0.8,15.0,,2008,2
BAY,NAN,2008-02-19,0.0,5.3,7.0,0.3,0.7,11.0,,2008,2
BAY,NAN,2008-03-07,0.0,4.0,7.0,0.3,0.7,5.0,,2008,3
BAY,NAN,2008-03-21,0.0,7.5,7.0,0.2,0.7,12.0,,2008,3
BAY,NAN,2008-04-03,1.0,7.9,7.0,0.3,0.4,12.0,,2008,4
BAY,NAN,2008-04-17,0.0,6.4,7.0,0.25,0.25,12.0,,2008,4
BAY,NAN,2008-05-08,0.0,5.3,7.0,0.3,1.0,20.0,,2008,5
BAY,NAN,2008-05-22,0.0,,7.0,0.6,0.85,19.0,,2008,5
BAY,NAN,2008-06-05,0.0,4.9,7.2,0.6,0.88,26.0,,2008,6
BAY,NAN,2008-06-19,4.0,6.2,7.0,0.5,0.6,24.5,,2008,6
BAY,NAN,2008-07-03,1.0,7.3,8.0,0.4,0.4,26.0,,2008,7
BAY,NAN,2008-07-21,2.0,5.6,8.5,0.6,0.7,28.0,,2008,7
BAY,NAN,2008-08-07,3.0,6.6,8.0,0.7,0.7,26.0,,2008,8
BAY,NAN,2008-08-21,,5.9,8.0,0.6,0.6,23.0,,2008,8
BAY,NAN,2008-09-09,2.0,4.5,6.0,0.7,0.825,25.0,,2008,9
BAY,NAN,2008-09-23,3.0,3.7,8.0,1.0,1.0,20.0,,2008,9
BAY,NAN,2008-10-09,0.0,5.3,7.0,0.5,0.6,20.0,,2008,10
BAY,NAN,2008-10-28,3.0,7.0,7.5,0.7,0.9,11.0,,2008,10
BAY,NAN,2008-11-06,3.0,5.9,7.0,0.2,0.3,20.0,,2008,11
BAY,NAN,2008-11-18,1.0,9.3,7.0,0.7,0.7,9.0,,2008,11
BAY,NAN,2008-12-04,1.0,6.6,7.0,0.7,0.7,7.0,,2008,12
BAY,NAN,2008-12-16,1.0,5.6,6.5,0.6,0.85,12.0,,2008,12
A,NAN,2009-01-08,,,6.5,0.7,0.7,0.9,,2009,1
A,NAN,2009-01-27,0.0,6.9,6.5,0.5,0.8,4.0,,2009,1
A,NAN,2009-02-05,0.0,,6.5,0.4,0.4,2.0,,2009,2
A,NAN,2009-02-19,0.0,5.2,6.5,0.8,0.9,10.0,,2009,2
A,NAN,2009-03-05,,,6.5,0.75,0.75,8.0,,2009,3
A,NAN,2009-03-17,,7.1,6.5,0.6,8.5,9.0,,2009,3
A,NAN,2009-04-05,0.0,,7.0,0.5,0.8,15.0,,2009,4
A,NAN,2009-04-21,0.0,3.7,6.5,0.4,0.6,19.0,,2009,4
A,NAN,2009-05-07,0.0,,6.5,0.4,0.6,22.0,,2009,5
A,NAN,2009-05-21,0.0,4.1,7.0,0.5,0.7,21.0,,2009,5
A,NAN,2009-06-02,0.0,,7.0,0.5,0.5,27.0,,2009,6
A,NAN,2009-06-23,0.0,4.2,7.0,0.5,0.5,16.0,,2009,6
A,NAN,2009-07-07,0.0,,6.5,0.6,0.6,28.0,,2009,7
A,NAN,2009-07-21,0.0,3.2,6.5,0.45,0.45,27.0,,2009,7
A,NAN,2009-08-04,0.0,,6.5,0.5,0.5,30.0,,2009,8
A,NAN,2009-08-20,0.0,3.5,6.5,0.5,0.5,29.0,,2009,8
A,NAN,2009-09-01,0.0,,6.5,0.3,0.6,23.0,,2009,9
A,NAN,2009-09-17,0.0,1.9,6.5,0.3,0.6,24.0,,2009,9
A,NAN,2009-10-01,0.0,,6.5,0.5,0.7,20.0,,2009,10
A,NAN,2009-10-20,0.0,6.3,6.5,0.5,0.5,14.0,,2009,10
A,NAN,2009-11-05,0.0,5.9,,0.5,0.5,16.0,,2009,11
A,NAN,2009-11-20,0.0,,6.5,0.5,0.8,15.0,,2009,11
A,NAN,2009-12-01,0.0,6.4,6.5,0.7,0.7,12.0,,2009,12
A,NAN,2009-12-15,1.0,,6.5,0.5,0.8,11.0,,2009,12
B,NAN,2009-01-08,,,6.5,0.5,0.5,8.0,,2009,1
B,NAN,2009-01-27,0.0,8.0,7.0,0.3,0.3,4.0,,2009,1
B,NAN,2009-02-05,0.0,,7.0,0.4,0.4,1.0,,2009,2
B,NAN,2009-02-19,0.0,8.0,7.0,0.25,0.25,10.0,,2009,2
B,NAN,2009-03-05,0.0,,7.0,0.2,0.2,8.0,,2009,3
B,NAN,2009-03-17,,8.6,7.0,0.45,0.45,9.0,,2009,3
B,NAN,2009-04-05,0.0,,7.5,0.2,0.2,13.0,,2009,4
B,NAN,2009-04-21,0.0,5.3,8.0,0.4,0.6,21.0,,2009,4
B,NAN,2009-05-07,0.0,,7.0,0.1,0.3,22.0,,2009,5
B,NAN,2009-05-21,0.0,4.8,9.0,0.1,0.3,20.0,,2009,5
B,NAN,2009-06-02,0.0,,7.0,0.9,0.9,28.0,,2009,6
B,NAN,2009-06-23,0.0,0.8,8.5,0.2,0.2,27.0,,2009,6
B,NAN,2009-07-07,0.0,,7.0,0.2,0.2,27.0,,2009,7
B,NAN,2009-07-21,0.0,1.8,7.0,0.5,0.5,25.0,,2009,7
B,NAN,2009-08-04,0.0,,7.5,0.28,0.28,30.0,,2009,8
B,NAN,2009-08-20,0.0,4.3,7.5,0.4,0.4,29.0,,2009,8
B,NAN,2009-09-01,0.0,,7.5,0.5,0.6,21.0,,2009,9
B,NAN,2009-09-17,0.0,1.1,6.5,0.1,0.6,24.0,,2009,9
B,NAN,2009-10-01,0.0,,6.5,0.5,0.5,20.0,,2009,10
B,NAN,2009-10-20,0.0,6.8,7.0,0.5,0.5,13.0,,2009,10
B,NAN,2009-11-05,0.0,,7.0,0.6,0.6,17.0,,2009,11
B,NAN,2009-11-20,0.0,,6.5,0.48,0.48,16.0,,2009,11
B,NAN,2009-12-01,0.0,5.3,7.0,0.58,0.58,10.0,,2009,12
B,NAN,2009-12-15,1.0,,6.5,0.4,0.4,10.0,,2009,12
C,NAN,2009-01-08,,5.9,6.5,0.5,0.5,8.5,,2009,1
C,NAN,2009-01-27,0.0,,7.0,0.5,0.5,4.0,,2009,1
C,NAN,2009-02-05,0.0,8.4,7.0,0.5,0.5,1.0,,2009,2
C,NAN,2009-02-19,0.0,,7.0,0.5,0.5,11.0,,2009,2
C,NAN,2009-03-05,0.0,7.5,6.5,0.5,0.5,8.0,,2009,3
C,NAN,2009-03-17,,,7.0,0.6,0.6,9.0,,2009,3
C,NAN,2009-04-05,0.0,5.3,6.5,0.5,0.5,12.0,,2009,4
C,NAN,2009-04-21,0.0,,8.5,0.35,0.35,20.0,,2009,4
C,NAN,2009-05-07,0.0,6.0,,0.4,0.4,22.0,,2009,5
C,NAN,2009-05-21,0.0,,8.0,0.4,0.4,20.0,,2009,5
C,NAN,2009-06-02,,3.9,9.0,0.4,0.4,28.0,,2009,6
C,NAN,2009-06-23,0.0,,9.0,0.4,0.8,30.0,,2009,6
C,NAN,2009-07-07,0.0,4.2,6.5,0.35,0.35,26.0,,2009,7
C,NAN,2009-07-21,0.0,,7.0,0.5,0.5,26.0,,2009,7
C,NAN,2009-08-04,0.0,2.5,,0.4,0.4,28.0,,2009,8
C,NAN,2009-08-20,0.0,,7.5,,,29.0,,2009,8
C,NAN,2009-09-01,0.0,4.6,7.5,0.6,0.6,22.0,,2009,9
C,NAN,2009-10-01,0.0,4.2,7.0,0.3,0.3,21.0,,2009,10
C,NAN,2009-10-20,0.0,,7.0,0.25,0.25,14.5,,2009,10
C,NAN,2009-11-05,0.0,,7.5,0.5,0.5,17.0,,2009,11
C,NAN,2009-11-20,0.0,5.3,6.5,0.5,0.5,16.0,,2009,11
C,NAN,2009-12-01,0.0,,6.5,0.5,0.5,12.0,,2009,12
C,NAN,2009-12-15,2.0,6.3,6.5,0.67,0.67,11.0,,2009,12
D,NAN,2009-01-08,,6.1,6.5,0.3,1.6,9.0,,2009,1
D,NAN,2009-01-27,0.0,,6.5,0.6,1.5,4.0,,2009,1
D,NAN,2009-02-05,0.0,9.7,6.5,0.7,1.4,2.0,,2009,2
D,NAN,2009-02-19,0.0,,6.5,1.9,2.5,9.0,,2009,2
D,NAN,2009-03-05,0.0,8.0,7.0,0.9,1.6,,,2009,3
D,NAN,2009-03-17,,,6.5,0.7,1.6,9.0,,2009,3
D,NAN,2009-04-05,0.0,6.7,6.5,0.5,1.5,14.0,,2009,4
D,NAN,2009-04-21,0.0,,6.5,0.7,1.6,18.0,,2009,4
D,NAN,2009-05-07,0.0,5.0,7.0,0.6,1.7,23.0,,2009,5
D,NAN,2009-05-21,0.0,,6.5,0.5,1.6,22.0,,2009,5
D,NAN,2009-06-02,0.0,4.0,6.5,0.7,1.5,26.0,,2009,6
D,NAN,2009-06-23,0.0,,6.5,0.7,1.6,27.0,,2009,6
D,NAN,2009-07-07,0.0,4.0,6.5,1.6,1.7,26.0,,2009,7
D,NAN,2009-07-21,0.0,,6.5,0.7,1.3,26.0,,2009,7
D,NAN,2009-08-04,0.0,4.8,6.5,0.7,1.4,,,2009,8
D,NAN,2009-08-20,0.0,,7.5,0.8,1.4,30.0,,2009,8
D,NAN,2009-09-01,1.0,7.7,6.0,0.5,1.5,21.0,,2009,9
D,NAN,2009-09-17,0.0,,6.5,0.5,2.6,23.0,,2009,9
D,NAN,2009-10-01,0.0,3.8,6.0,1.6,1.7,20.0,,2009,10
D,NAN,2009-10-20,0.0,,6.5,1.4,1.5,14.0,,2009,10
D,NAN,2009-11-05,0.0,,6.5,0.1,1.5,16.0,,2009,11
D,NAN,2009-11-20,0.0,6.0,6.0,0.8,1.6,15.0,,2009,11
D,NAN,2009-12-01,0.0,,6.0,1.2,1.6,12.0,,2009,12
D,NAN,2009-12-15,2.0,7.2,5.5,1.3,1.65,10.0,,2009,12
BAY,NAN,2009-01-08,,6.1,7.0,0.15,0.7,8.5,,2009,1
BAY,NAN,2009-01-27,0.0,6.4,7.0,0.03,0.03,5.0,,2009,1
BAY,NAN,2009-02-05,1.0,9.1,7.0,0.3,0.3,2.0,,2009,2
BAY,NAN,2009-02-19,1.0,9.0,7.0,3.5,3.5,12.0,,2009,2
BAY,NAN,2009-03-05,1.0,9.0,7.0,0.3,0.3,12.0,,2009,3
BAY,NAN,2009-03-17,,6.6,7.0,0.3,0.3,9.0,,2009,3
BAY,NAN,2009-04-05,0.0,7.5,7.0,0.3,0.8,15.0,,2009,4
BAY,NAN,2009-04-21,0.0,6.3,7.0,0.5,0.8,,,2009,4
BAY,NAN,2009-05-07,0.0,6.9,7.0,0.5,1.1,21.0,,2009,5
BAY,NAN,2009-05-21,0.0,8.1,8.5,0.03,0.03,19.0,,2009,5
BAY,NAN,2009-06-02,0.0,5.8,8.5,0.5,0.5,24.0,,2009,6
BAY,NAN,2009-06-23,0.0,6.6,9.0,0.7,0.7,24.0,,2009,6
BAY,NAN,2009-07-07,2.0,5.3,9.0,0.8,0.8,25.0,,2009,7
BAY,NAN,2009-07-21,1.0,3.1,8.5,0.65,0.65,25.0,,2009,7
BAY,NAN,2009-08-04,0.0,3.3,8.5,0.8,0.8,28.0,,2009,8
BAY,NAN,2009-08-20,0.0,3.0,7.5,0.8,0.8,27.0,,2009,8
BAY,NAN,2009-09-01,2.0,2.7,7.0,0.6,0.6,22.0,,2009,9
BAY,NAN,2009-09-17,2.0,4.1,7.0,0.8,0.8,24.0,,2009,9
BAY,NAN,2009-10-01,1.0,6.9,7.0,0.8,0.8,20.0,,2009,10
BAY,NAN,2009-10-20,0.0,2.3,7.0,0.4,0.4,12.0,,2009,10
BAY,NAN,2009-11-05,0.0,7.6,6.5,0.8,0.8,16.0,,2009,11
BAY,NAN,2009-11-20,2.0,7.2,7.0,0.7,0.9,16.0,,2009,11
BAY,NAN,2009-12-01,0.0,7.8,6.5,0.82,0.88,10.0,,2009,12
BAY,NAN,2009-12-15,,2.0,6.3,0.7,0.8,11.0,,2009,12
A,NAN,2010-01-07,,,,,,,,2010,1
A,NAN,2010-02-05,,,6.5,0.7,0.9,5.0,,2010,2
A,NAN,2010-02-18,,,6.0,0.9,1.1,5.0,,2010,2
A,NAN,2010-03-05,0.0,,6.5,,,6.0,,2010,3
A,NAN,2010-03-16,0.0,5.7,6.0,0.5,0.7,12.0,,2010,3
A,NAN,2010-04-06,0.0,,6.5,0.7,0.8,21.0,,2010,4
A,NAN,2010-04-23,0.0,4.0,6.5,0.5,0.6,18.0,,2010,4
A,NAN,2010-05-06,0.0,,6.5,0.6,0.6,25.0,,2010,5
A,NAN,2010-05-19,0.0,4.6,6.5,0.6,0.7,20.0,,2010,5
A,NAN,2010-06-01,0.0,,6.5,0.5,0.5,26.0,,2010,6
A,NAN,2010-06-15,0.0,4.5,6.5,0.5,0.5,29.0,,2010,6
A,NAN,2010-07-08,0.0,,6.5,0.6,0.6,31.0,,2010,7
A,NAN,2010-07-20,0.0,4.1,6.5,0.5,0.9,28.0,,2010,7
A,NAN,2010-08-03,0.0,,7.0,0.1,0.4,29.0,,2010,8
A,NAN,2010-08-17,0.0,4.2,6.5,0.8,0.9,28.0,,2010,8
A,NAN,2010-09-02,0.0,,6.5,0.8,0.8,28.0,,2010,9
A,NAN,2010-09-22,0.0,4.0,7.5,0.5,0.8,26.0,,2010,9
A,NAN,2010-10-14,0.0,,6.5,0.2,0.9,20.0,,2010,10
A,NAN,2010-11-02,0.0,,6.5,0.8,0.9,14.0,,2010,11
A,NAN,2010-11-16,0.0,8.2,6.5,0.9,0.9,14.0,,2010,11
A,NAN,2010-12-07,0.0,,7.0,4.5,4.5,3.0,,2010,12
A,NAN,2010-12-21,,,,,,,,2010,12
B,NAN,2010-01-07,,,,,,,,2010,1
B,NAN,2010-02-05,,,,,,,,2010,2
B,NAN,2010-02-18,,,,0.6,0.6,5.0,,2010,2
B,NAN,2010-03-05,0.0,,6.5,0.6,0.6,7.0,,2010,3
B,NAN,2010-03-16,0.0,8.1,7.0,0.55,0.6,11.0,,2010,3
B,NAN,2010-04-06,0.0,,6.5,0.2,0.5,21.0,,2010,4
B,NAN,2010-04-23,0.0,4.0,6.5,0.4,0.4,16.0,,2010,4
B,NAN,2010-05-06,0.0,,7.0,0.4,0.45,25.0,,2010,5
B,NAN,2010-05-19,0.0,5.2,7.5,0.4,0.4,16.0,,2010,5
B,NAN,2010-06-01,0.0,,7.0,0.3,0.3,25.0,,2010,6
B,NAN,2010-06-15,0.0,4.2,7.0,0.2,0.2,28.0,,2010,6
B,NAN,2010-07-08,0.0,,7.0,0.4,0.4,31.0,,2010,7
B,NAN,2010-07-20,0.0,3.7,7.0,0.4,0.4,29.0,,2010,7
B,NAN,2010-08-03,0.0,,6.5,0.9,0.9,28.0,,2010,8
B,NAN,2010-08-17,0.0,3.4,7.0,0.5,0.5,,,2010,8
B,NAN,2010-09-02,0.0,,8.0,0.4,0.4,27.0,,2010,9
B,NAN,2010-09-22,0.0,3.2,9.0,0.2,0.35,26.0,,2010,9
B,NAN,2010-10-14,0.0,,6.5,0.2,0.3,19.0,,2010,10
B,NAN,2010-11-02,0.0,,7.0,0.3,0.3,13.0,,2010,11
B,NAN,2010-11-16,0.0,4.3,8.5,0.2,0.2,16.0,,2010,11
B,NAN,2010-12-07,0.0,,6.5,0.3,0.7,1.0,,2010,12
B,NAN,2010-12-21,0.0,4.3,7.0,0.4,0.4,3.0,,2010,12
C,NAN,2010-01-07,,,,,,,,2010,1
C,NAN,2010-02-05,,,6.5,0.8,0.8,5.0,,2010,2
C,NAN,2010-02-18,,,6.5,0.95,0.95,5.0,,2010,2
C,NAN,2010-03-05,0.0,9.5,6.5,0.6,0.6,7.0,,2010,3
C,NAN,2010-03-16,0.0,,6.5,0.6,0.6,9.0,,2010,3
C,NAN,2010-04-06,0.0,5.1,6.5,0.5,0.5,22.0,,2010,4
C,NAN,2010-04-23,0.0,,6.5,0.4,0.4,18.0,,2010,4
C,NAN,2010-05-06,0.0,4.9,6.5,0.3,0.3,24.0,,2010,5
C,NAN,2010-05-19,0.0,,6.5,0.7,0.7,19.0,,2010,5
C,NAN,2010-06-01,0.0,5.1,7.0,0.3,0.3,25.0,,2010,6
C,NAN,2010-06-15,0.0,,7.0,0.3,0.3,29.0,,2010,6
C,NAN,2010-07-08,0.0,5.2,7.5,0.4,0.4,30.0,,2010,7
C,NAN,2010-07-20,0.0,,7.0,0.4,0.4,31.0,,2010,7
C,NAN,2010-08-03,0.0,4.5,6.5,0.4,0.4,28.0,,2010,8
C,NAN,2010-08-17,0.0,,7.0,0.2,0.4,29.0,,2010,8
C,NAN,2010-09-02,0.0,2.3,7.0,0.6,0.6,27.0,,2010,9
C,NAN,2010-09-22,0.0,,8.0,0.3,0.3,26.0,,2010,9
C,NAN,2010-11-02,0.0,7.3,7.5,0.5,0.5,13.0,,2010,11
C,NAN,2010-11-16,0.0,,8.5,0.5,0.5,15.0,,2010,11
C,NAN,2010-12-07,0.0,8.8,7.0,0.5,0.5,2.0,,2010,12
C,NAN,2010-12-21,,,,,,,,2010,12
D,NAN,2010-01-07,,,,,,,,2010,1
D,NAN,2010-02-05,,9.5,6.5,0.6,1.2,5.0,,2010,2
D,NAN,2010-02-18,,,6.0,1.4,1.6,5.0,,2010,2
D,NAN,2010-03-05,0.0,8.7,6.5,1.2,1.5,6.0,,2010,3
D,NAN,2010-03-16,,,,,,,,2010,3
D,NAN,2010-04-06,0.0,6.3,6.0,0.7,1.7,22.0,,2010,4
D,NAN,2010-04-23,0.0,,6.5,0.8,1.7,17.0,,2010,4
D,NAN,2010-05-06,0.0,5.0,6.5,0.8,1.5,25.0,,2010,5
D,NAN,2010-05-19,0.0,,6.5,0.8,1.6,19.0,,2010,5
D,NAN,2010-06-01,0.0,5.2,6.0,0.7,1.5,25.0,,2010,6
D,NAN,2010-06-15,0.0,,6.5,0.6,1.4,28.0,,2010,6
D,NAN,2010-07-08,0.0,5.2,6.5,0.7,1.2,31.0,,2010,7
D,NAN,2010-07-20,0.0,,8.0,0.6,1.3,31.0,,2010,7
D,NAN,2010-08-03,0.0,6.0,6.5,0.8,1.2,28.0,,2010,8
D,NAN,2010-08-17,0.0,,7.5,0.9,1.2,31.0,,2010,8
D,NAN,2010-09-02,0.0,2.7,6.5,0.85,1.2,26.0,,2010,9
D,NAN,2010-09-22,0.0,,6.5,1.0,1.2,25.0,,2010,9
D,NAN,2010-10-14,0.0,5.9,6.5,0.8,1.3,19.0,,2010,10
D,NAN,2010-11-02,0.0,7.2,6.5,1.0,1.4,13.0,,2010,11
D,NAN,2010-11-16,0.0,,6.0,1.2,1.3,,,2010,11
D,NAN,2010-12-07,0.0,10.3,6.0,1.1,1.1,2.0,,2010,12
D,NAN,2010-12-21,0.0,,6.5,1.3,1.3,3.0,,2010,12
BAY,NAN,2010-01-07,0.0,7.0,6.5,,,4.0,,2010,1
BAY,NAN,2010-02-05,,7.0,6.5,0.4,0.4,5.0,,2010,2
BAY,NAN,2010-02-18,,,6.5,0.2,0.65,4.0,,2010,2
BAY,NAN,2010-03-05,0.0,7.7,6.5,0.2,0.4,10.0,,2010,3
BAY,NAN,2010-03-16,0.0,7.9,6.5,0.3,0.8,10.0,,2010,3
BAY,NAN,2010-04-06,1.0,5.9,6.5,0.8,1.0,20.0,,2010,4
BAY,NAN,2010-04-23,1.0,6.7,6.5,0.6,0.6,16.0,,2010,4
BAY,NAN,2010-05-06,0.0,6.5,7.0,0.75,0.9,23.0,,2010,5
BAY,NAN,2010-05-19,0.0,7.0,6.5,0.5,0.6,17.0,,2010,5
BAY,NAN,2010-06-01,0.0,6.8,7.0,0.7,0.9,25.0,,2010,6
BAY,NAN,2010-06-15,0.0,5.4,7.0,0.5,0.5,28.0,,2010,6
BAY,NAN,2010-07-08,0.0,3.6,8.5,0.4,0.45,29.0,,2010,7
BAY,NAN,2010-07-20,0.0,3.9,7.0,0.7,1.0,27.0,,2010,7
BAY,NAN,2010-08-03,0.0,5.1,7.0,0.5,0.5,26.0,,2010,8
BAY,NAN,2010-08-17,0.0,3.1,8.0,0.5,0.9,27.0,,2010,8
BAY,NAN,2010-09-02,0.0,3.3,7.0,0.5,0.7,26.0,,2010,9
BAY,NAN,2010-09-22,0.0,5.0,8.5,0.6,0.8,26.0,,2010,9
BAY,NAN,2010-10-14,0.0,3.9,7.5,0.5,0.8,19.0,,2010,10
BAY,NAN,2010-11-02,0.0,5.0,7.5,0.4,0.4,12.0,,2010,11
BAY,NAN,2010-11-16,0.0,6.7,8.0,0.5,0.8,15.0,,2010,11
BAY,NAN,2010-12-07,0.0,5.7,7.0,0.3,0.5,4.0,,2010,12
BAY,NAN,2010-12-21,0.0,6.7,7.0,0.1,0.3,,,2010,12
A,NAN,2011-01-04,0.0,5.9,6.5,0.8,0.8,,,2011,1
A,NAN,2011-01-18,0.0,,6.5,0.5,0.65,6.0,,2011,1
A,NAN,2011-02-08,0.0,3.9,6.5,,,7.0,,2011,2
A,NAN,2011-03-03,0.0,,7.0,,,8.5,,2011,3
A,NAN,2011-03-24,0.0,3.0,6.5,0.4,1.0,14.0,,2011,3
A,NAN,2011-04-14,0.0,,6.0,0.2,0.6,18.0,,2011,4
A,NAN,2011-04-28,0.0,4.0,6.5,0.3,0.3,24.0,,2011,4
A,NAN,2011-05-12,0.0,,7.5,,,24.0,,2011,5
A,NAN,2011-05-26,0.0,2.4,7.5,0.7,0.8,28.0,,2011,5
A,NAN,2011-06-09,0.0,,7.5,0.6,0.9,29.0,,2011,6
A,NAN,2011-06-23,0.0,5.7,7.5,0.5,0.8,27.0,,2011,6
A,NAN,2011-07-14,0.0,,7.0,0.7,0.7,27.0,,2011,7
A,NAN,2011-07-28,0.0,3.2,7.5,0.8,0.8,31.0,,2011,7
A,NAN,2011-08-11,0.0,,7.5,0.6,0.6,29.0,,2011,8
A,NAN,2011-09-08,0.0,5.0,6.5,0.5,0.8,27.0,,2011,9
A,NAN,2011-09-22,0.0,,5.0,0.7,0.7,25.0,,2011,9
A,NAN,2011-10-13,0.0,4.0,6.5,0.7,0.8,22.0,,2011,10
A,NAN,2011-10-27,0.0,,7.0,0.8,0.9,17.0,,2011,10
A,NAN,2011-11-10,0.0,8.6,,0.6,0.8,19.0,,2011,11
A,NAN,2011-11-22,0.0,,7.0,0.5,0.9,19.0,,2011,11
A,NAN,2011-12-08,0.0,8.0,7.0,0.8,0.9,12.0,,2011,12
A,NAN,2011-12-22,0.0,,7.0,0.9,0.9,13.0,,2011,12
B,NAN,2011-01-04,0.0,7.2,6.5,0.4,0.4,5.0,,2011,1
B,NAN,2011-01-18,0.0,,7.0,0.5,0.5,5.0,,2011,1
B,NAN,2011-02-08,0.0,3.6,7.0,,,9.0,,2011,2
B,NAN,2011-03-03,0.0,,7.0,,,6.0,,2011,3
B,NAN,2011-03-24,0.0,3.9,7.0,0.5,0.5,14.0,,2011,3
B,NAN,2011-04-14,0.0,,7.0,2.5,3.0,19.0,,2011,4
B,NAN,2011-04-28,0.0,,7.0,0.17,0.17,23.0,,2011,4
B,NAN,2011-05-12,0.0,,8.5,,,23.0,,2011,5
B,NAN,2011-05-26,0.0,1.5,,0.2,0.4,27.0,,2011,5
B,NAN,2011-06-09,0.0,,8.0,0.3,0.3,30.0,,2011,6
B,NAN,2011-06-23,0.0,5.8,8.0,0.3,0.3,27.0,,2011,6
B,NAN,2011-07-14,0.0,,7.0,0.4,0.4,28.0,,2011,7
B,NAN,2011-07-28,0.0,2.4,7.0,0.4,0.4,30.0,,2011,7
B,NAN,2011-08-11,0.0,,7.5,0.3,0.3,30.0,,2011,8
B,NAN,2011-09-08,0.0,3.1,6.5,0.1,0.2,27.0,,2011,9
B,NAN,2011-09-22,0.0,,7.0,0.15,0.15,25.0,,2011,9
B,NAN,2011-10-13,0.0,3.0,7.0,0.05,0.05,22.0,,2011,10
B,NAN,2011-10-27,0.0,,7.5,0.4,0.4,16.0,,2011,10
B,NAN,2011-11-10,0.0,7.9,7.5,0.2,0.2,19.0,,2011,11
B,NAN,2011-11-22,0.0,,7.5,0.2,0.5,14.0,,2011,11
B,NAN,2011-12-08,0.0,5.0,7.0,0.1,0.4,13.0,,2011,12
B,NAN,2011-12-22,0.0,,7.0,0.3,0.3,14.0,,2011,12
C,NAN,2011-01-04,0.0,,7.0,0.5,0.5,4.0,,2011,1
C,NAN,2011-01-18,0.0,5.1,6.5,0.6,0.8,5.0,,2011,1
C,NAN,2011-02-08,0.0,,7.0,,,10.0,,2011,2
C,NAN,2011-03-03,0.0,3.9,7.5,,,7.0,,2011,3
C,NAN,2011-03-24,0.0,,,,,,,2011,3
C,NAN,2011-04-14,0.0,5.6,8.0,0.3,0.3,19.0,,2011,4
C,NAN,2011-04-28,0.0,3.6,7.0,0.17,0.17,23.0,,2011,4
C,NAN,2011-05-12,0.0,3.7,9.0,,,23.0,,2011,5
C,NAN,2011-05-26,,,,,,,,2011,5
D,NAN,2011-01-04,0.0,,6.5,1.3,1.3,4.0,,2011,1
D,NAN,2011-01-18,0.0,10.0,6.5,1.4,1.4,6.0,,2011,1
D,NAN,2011-02-08,0.0,,6.5,,,9.0,,2011,2
D,NAN,2011-03-03,,5.0,6.0,,,8.0,,2011,3
D,NAN,2011-03-24,0.0,,6.5,0.7,1.4,14.0,,2011,3
D,NAN,2011-04-14,0.0,6.9,6.5,0.9,1.4,19.0,,2011,4
D,NAN,2011-04-28,0.0,,6.5,0.7,1.3,23.0,,2011,4
D,NAN,2011-05-12,0.0,3.7,6.5,,,19.0,,2011,5
D,NAN,2011-05-26,0.0,,7.5,1.2,0.9,28.0,,2011,5
D,NAN,2011-06-09,0.0,4.8,7.0,0.6,1.2,29.0,,2011,6
D,NAN,2011-06-23,0.0,,8.0,0.6,1.0,28.0,,2011,6
D,NAN,2011-07-14,0.0,5.6,6.5,0.8,1.1,27.0,,2011,7
D,NAN,2011-07-28,0.0,,7.0,0.9,1.5,31.0,,2011,7
D,NAN,2011-08-11,0.0,2.0,7.0,0.9,0.9,29.0,,2011,8
D,NAN,2011-09-08,0.0,,6.5,1.4,1.5,27.0,,2011,9
D,NAN,2011-09-22,0.0,4.6,6.5,0.6,1.4,25.0,,2011,9
D,NAN,2011-10-13,0.0,,6.0,0.5,1.5,23.0,,2011,10
D,NAN,2011-10-27,0.0,,6.0,0.7,1.4,17.0,,2011,10
D,NAN,2011-11-10,0.0,,6.5,0.8,1.5,17.0,,2011,11
D,NAN,2011-11-22,0.0,8.0,,0.8,0.9,15.0,,2011,11
D,NAN,2011-12-08,0.0,,6.5,0.8,1.4,12.0,,2011,12
D,NAN,2011-12-22,0.0,9.8,7.0,1.0,1.4,16.0,,2011,12
BAY,NAN,2011-01-04,0.0,3.1,6.5,0.2,0.45,5.0,,2011,1
BAY,NAN,2011-01-18,0.0,6.2,7.0,0.2,0.6,7.0,,2011,1
BAY,NAN,2011-02-08,0.0,3.8,6.5,0.2,0.6,8.0,,2011,2
BAY,NAN,2011-03-03,0.0,3.7,7.0,,,8.0,,2011,3
BAY,NAN,2011-03-24,0.0,3.3,7.0,0.2,0.55,33.0,,2011,3
BAY,NAN,2011-04-14,0.0,3.5,7.0,0.4,0.6,16.5,,2011,4
BAY,NAN,2011-04-28,0.0,5.2,7.0,0.3,1.3,23.0,,2011,4
BAY,NAN,2011-05-12,0.0,4.5,7.0,,,18.0,,2011,5
BAY,NAN,2011-05-26,0.0,3.7,7.5,0.5,0.9,25.0,,2011,5
BAY,NAN,2011-06-09,0.0,3.2,8.0,0.4,0.8,27.0,,2011,6
BAY,NAN,2011-06-23,0.0,5.6,8.0,0.5,0.9,26.0,,2011,6
BAY,NAN,2011-07-14,0.0,3.0,8.5,0.4,0.6,26.0,,2011,7
BAY,NAN,2011-07-28,0.0,2.0,9.0,0.5,0.7,29.0,,2011,7
BAY,NAN,2011-08-11,0.0,3.5,9.0,0.4,0.7,28.0,,2011,8
BAY,NAN,2011-09-08,0.0,5.0,7.0,0.6,1.1,26.0,,2011,9
BAY,NAN,2011-09-22,0.0,5.3,8.0,0.5,0.7,24.0,,2011,9
BAY,NAN,2011-10-13,0.0,4.2,7.5,0.5,0.7,21.0,,2011,10
BAY,NAN,2011-10-27,0.0,7.4,7.5,0.5,0.9,16.0,,2011,10
BAY,NAN,2011-11-10,0.0,5.2,7.5,0.7,0.7,16.0,,2011,11
BAY,NAN,2011-11-22,0.0,7.3,7.0,0.2,0.6,16.0,,2011,11
BAY,NAN,2011-12-08,0.0,7.9,7.0,0.35,0.7,12.0,,2011,12
BAY,NAN,2011-12-22,0.0,7.8,7.0,0.3,0.7,17.0,,2011,12
A,NAN,2012-01-11,0.0,8.2,6.5,0.9,0.9,12.0,,2012,1
A,NAN,2012-01-26,0.0,,6.5,1.0,1.0,12.0,,2012,1
A,NAN,2012-02-09,0.0,5.8,7.0,1.0,1.0,8.0,,2012,2
A,NAN,2012-02-21,0.0,,7.0,0.9,0.9,9.0,,2012,2
A,NAN,2012-03-01,0.0,4.3,7.5,,,16.0,,2012,3
A,NAN,2012-03-08,0.0,,6.5,0.5,0.5,15.0,,2012,3
A,NAN,2012-04-12,0.0,7.0,7.0,0.6,0.7,14.0,,2012,4
A,NAN,2012-04-26,0.0,,7.5,0.6,0.8,17.0,,2012,4
A,NAN,2012-05-10,0.0,4.5,7.0,0.7,0.9,21.0,,2012,5
A,NAN,2012-05-24,0.0,,6.5,0.6,0.7,25.0,,2012,5
A,NAN,2012-06-14,0.0,4.9,7.0,0.6,0.7,22.0,,2012,6
A,NAN,2012-06-28,0.0,,7.0,0.65,0.9,27.0,,2012,6
A,NAN,2012-07-19,0.0,,6.5,0.6,0.6,30.0,,2012,7
A,NAN,2012-08-09,0.0,3.0,7.0,0.5,0.9,28.0,,2012,8
A,NAN,2012-08-23,0.0,,6.5,0.6,0.7,26.0,,2012,8
A,NAN,2012-09-04,0.0,4.3,6.5,0.7,0.7,28.0,,2012,9
A,NAN,2012-09-13,,,7.0,0.6,0.6,24.0,,2012,9
A,NAN,2012-10-04,0.0,,7.0,0.6,0.6,24.0,,2012,10
A,NAN,2012-10-19,0.0,,7.0,0.9,1.4,20.0,,2012,10
A,NAN,2012-11-08,0.0,,6.5,0.5,1.9,10.0,,2012,11
A,NAN,2012-11-29,0.0,9.0,6.5,0.2,0.2,8.0,,2012,11
A,NAN,2012-12-13,0.0,,7.0,0.9,0.9,9.0,,2012,12
B,NAN,2012-01-11,0.0,6.0,7.0,0.3,0.3,11.0,,2012,1
B,NAN,2012-01-26,0.0,,7.0,0.3,0.3,12.0,,2012,1
B,NAN,2012-02-09,0.0,7.5,7.0,0.3,0.3,8.0,,2012,2
B,NAN,2012-02-21,0.0,,7.5,0.35,0.35,10.0,,2012,2
B,NAN,2012-03-01,0.0,6.3,7.5,0.2,0.4,16.0,,2012,3
B,NAN,2012-03-08,0.0,,7.5,0.0,0.2,14.0,,2012,3
B,NAN,2012-04-12,0.0,7.0,7.5,0.3,0.3,13.0,,2012,4
B,NAN,2012-04-26,0.0,,8.0,0.3,0.3,18.0,,2012,4
B,NAN,2012-05-10,0.0,6.7,7.0,0.5,0.5,20.0,,2012,5
B,NAN,2012-05-24,0.0,,8.0,0.5,0.5,25.0,,2012,5
B,NAN,2012-06-14,0.0,4.5,7.5,0.2,0.2,22.0,,2012,6
B,NAN,2012-06-28,0.0,,7.4,0.5,0.5,26.0,,2012,6
B,NAN,2012-07-19,0.0,,7.0,0.4,0.4,28.0,,2012,7
B,NAN,2012-08-09,0.0,2.9,7.5,0.3,0.4,27.0,,2012,8
B,NAN,2012-08-23,0.0,,7.5,0.3,0.4,27.0,,2012,8
B,NAN,2012-09-04,0.0,5.2,7.0,0.2,0.2,,,2012,9
B,NAN,2012-09-13,,,8.5,0.1,0.1,23.0,,2012,9
B,NAN,2012-10-04,0.0,,8.0,0.1,0.5,24.0,,2012,10
B,NAN,2012-10-19,0.0,7.1,7.0,0.4,0.4,20.0,,2012,10
B,NAN,2012-11-08,0.0,,6.5,0.35,0.35,9.0,,2012,11
B,NAN,2012-11-29,0.0,9.7,7.0,0.4,0.4,9.0,,2012,11
B,NAN,2012-12-13,0.0,,7.0,0.4,0.5,9.0,,2012,12
D,NAN,2012-01-11,0.0,,6.5,1.0,1.4,10.0,,2012,1
D,NAN,2012-01-26,0.0,7.2,6.5,1.2,1.4,11.0,,2012,1
D,NAN,2012-02-09,0.0,,6.5,1.3,1.4,6.0,,2012,2
D,NAN,2012-02-21,0.0,10.0,6.5,1.0,1.5,8.0,,2012,2
D,NAN,2012-03-01,0.0,,6.5,,,15.0,,2012,3
D,NAN,2012-03-08,0.0,9.5,6.5,1.2,1.5,14.0,,2012,3
D,NAN,2012-04-12,0.0,,7.0,0.9,1.3,12.0,,2012,4
D,NAN,2012-04-26,0.0,7.4,6.5,0.8,1.4,17.0,,2012,4
D,NAN,2012-05-10,0.0,,6.5,0.8,1.5,20.0,,2012,5
D,NAN,2012-05-24,0.0,6.1,6.5,0.9,1.5,25.0,,2012,5
D,NAN,2012-06-14,0.0,,6.5,0.7,4.5,23.0,,2012,6
D,NAN,2012-06-28,0.0,5.0,6.5,0.6,1.3,27.0,,2012,6
D,NAN,2012-07-19,0.0,4.2,7.0,0.8,1.4,30.0,,2012,7
D,NAN,2012-08-09,0.0,,6.5,0.9,1.4,27.0,,2012,8
D,NAN,2012-08-23,0.0,5.5,6.5,0.7,1.4,26.0,,2012,8
D,NAN,2012-09-04,0.0,,6.5,0.9,1.4,28.0,,2012,9
D,NAN,2012-09-13,,5.2,6.5,1.0,1.25,23.0,,2012,9
D,NAN,2012-10-04,0.0,5.8,6.5,0.9,1.2,24.0,,2012,10
D,NAN,2012-10-19,0.0,5.5,7.5,0.6,0.8,22.0,,2012,10
D,NAN,2012-11-08,0.0,8.6,6.0,0.5,1.5,9.0,,2012,11
D,NAN,2012-11-29,0.0,,7.0,1.4,1.5,8.0,,2012,11
D,NAN,2012-12-13,0.0,8.8,6.5,0.9,1.6,9.0,,2012,12
BAY,NAN,2012-01-11,0.0,6.9,7.5,0.2,0.7,12.0,,2012,1
BAY,NAN,2012-01-26,0.0,6.5,7.0,0.2,0.8,11.0,,2012,1
BAY,NAN,2012-02-09,0.0,5.3,7.5,0.2,0.3,8.0,,2012,2
BAY,NAN,2012-02-21,0.0,6.2,7.0,0.2,0.2,8.0,,2012,2
BAY,NAN,2012-03-01,0.0,5.3,7.5,0.2,0.6,,,2012,3
BAY,NAN,2012-03-08,0.0,7.2,7.0,0.4,0.6,13.0,,2012,3
BAY,NAN,2012-04-12,0.0,6.5,8.0,0.4,0.6,11.0,,2012,4
BAY,NAN,2012-04-26,0.0,7.1,7.5,0.4,0.8,17.0,,2012,4
BAY,NAN,2012-05-10,0.0,5.3,8.0,0.4,0.7,19.0,,2012,5
BAY,NAN,2012-05-24,0.0,6.1,8.5,0.5,0.8,24.0,,2012,5
BAY,NAN,2012-06-14,0.0,3.9,8.5,0.5,0.7,22.0,,2012,6
BAY,NAN,2012-06-28,0.0,4.9,,0.45,0.7,26.0,,2012,6
BAY,NAN,2012-07-19,0.0,5.9,8.5,0.5,0.9,28.0,,2012,7
BAY,NAN,2012-08-09,0.0,4.2,7.5,0.6,0.8,,,2012,8
BAY,NAN,2012-08-23,0.0,6.1,8.0,0.5,0.7,25.0,,2012,8
BAY,NAN,2012-09-04,0.0,3.7,7.0,0.3,0.8,25.0,,2012,9
BAY,NAN,2012-09-13,,5.0,7.0,0.4,0.5,21.0,,2012,9
BAY,NAN,2012-10-04,0.0,4.8,8.0,0.5,0.7,24.0,,2012,10
BAY,NAN,2012-10-19,0.0,3.7,9.0,0.5,0.8,,,2012,10
BAY,NAN,2012-11-08,0.0,7.6,7.0,0.2,0.2,10.0,,2012,11
BAY,NAN,2012-11-29,0.0,8.9,7.0,0.1,0.5,7.0,,2012,11
BAY,NAN,2012-12-13,0.0,8.4,7.0,0.2,0.3,9.0,,2012,12
A,NAN,2013-01-10,0.0,6.9,6.5,0.8,0.9,8.0,,2013,1
A,NAN,2013-01-24,0.0,,7.0,0.4,0.7,4.0,,2013,1
A,NAN,2013-02-14,0.0,5.7,6.5,0.7,1.1,,,2013,2
A,NAN,2013-02-28,0.0,,,2.2,,10.0,,2013,2
A,NAN,2013-03-13,,5.0,6.5,,,11.0,,2013,3
A,NAN,2013-03-28,0.0,,6.5,0.5,0.5,9.0,,2013,3
A,NAN,2013-04-11,0.0,5.9,6.0,0.4,0.9,21.0,,2013,4
A,NAN,2013-04-26,0.0,,7.0,0.4,0.4,15.0,,2013,4
A,NAN,2013-05-08,0.0,5.6,7.0,0.5,0.6,22.0,,2013,5
A,NAN,2013-05-25,0.0,,7.0,0.4,0.6,25.0,,2013,5
A,NAN,2013-06-13,0.0,6.1,7.5,0.7,0.7,29.0,,2013,6
A,NAN,2013-06-25,0.0,,7.0,0.5,0.5,28.0,,2013,6
A,NAN,2013-07-11,0.0,4.1,7.0,0.7,0.9,26.0,,2013,7
A,NAN,2013-07-25,0.0,,7.0,0.4,0.6,27.0,,2013,7
A,NAN,2013-08-08,0.0,5.3,6.0,0.1,0.7,28.0,,2013,8
A,NAN,2013-08-22,0.0,,7.0,0.4,0.5,28.0,,2013,8
A,NAN,2013-09-12,0.0,4.8,7.0,0.6,0.6,26.0,,2013,9
A,NAN,2013-09-26,0.0,,6.5,,,21.0,,2013,9
A,NAN,2013-10-22,0.0,,6.0,0.6,0.7,17.0,,2013,10
A,NAN,2013-11-12,0.0,7.0,7.0,0.5,0.7,13.0,,2013,11
A,NAN,2013-11-19,0.0,,6.5,0.7,1.0,11.0,,2013,11
A,NAN,2013-12-04,0.0,8.8,,0.4,0.4,10.0,,2013,12
A,NAN,2013-12-11,0.0,,7.0,0.8,1.0,8.0,,2013,12
B,NAN,2013-01-10,0.0,7.2,,0.3,0.3,10.0,,2013,1
B,NAN,2013-01-24,0.0,,7.0,0.3,0.3,4.0,,2013,1
B,NAN,2013-02-28,0.0,,7.0,0.2,0.2,10.0,,2013,2
B,NAN,2013-03-13,,7.6,7.5,0.2,0.2,11.0,,2013,3
B,NAN,2013-03-28,0.0,,7.5,0.4,0.4,8.0,,2013,3
B,NAN,2013-04-11,0.0,5.8,7.5,0.4,0.4,20.0,,2013,4
B,NAN,2013-04-26,0.0,,7.0,0.4,0.4,15.0,,2013,4
B,NAN,2013-05-08,0.0,4.2,8.0,0.2,0.2,22.0,,2013,5
B,NAN,2013-05-25,0.0,,7.5,,,25.0,,2013,5
B,NAN,2013-06-13,0.0,5.4,8.0,0.2,0.2,29.0,,2013,6
B,NAN,2013-06-25,0.0,,7.5,0.4,0.4,27.0,,2013,6
B,NAN,2013-07-11,0.0,3.3,7.0,0.3,0.3,,,2013,7
B,NAN,2013-07-25,0.0,,7.5,0.2,0.2,26.0,,2013,7
B,NAN,2013-08-08,0.0,6.4,8.0,0.3,0.3,27.0,,2013,8
B,NAN,2013-08-22,0.0,,8.0,0.1,0.1,28.0,,2013,8
B,NAN,2013-09-12,,,,,,25.0,,2013,9
B,NAN,2013-09-26,0.0,,7.5,,,21.0,,2013,9
B,NAN,2013-10-22,0.0,,7.0,0.2,0.2,17.0,,2013,10
B,NAN,2013-11-12,0.0,,7.5,0.4,0.4,12.0,,2013,11
B,NAN,2013-11-19,0.0,,7.0,0.3,0.3,11.0,,2013,11
B,NAN,2013-12-04,0.0,5.0,7.0,0.2,0.2,11.0,,2013,12
B,NAN,2013-12-11,0.0,,7.0,0.25,0.25,7.0,,2013,12
D,NAN,2013-01-10,0.0,,6.5,1.0,1.5,9.0,,2013,1
D,NAN,2013-01-24,0.0,,6.5,0.9,1.6,4.0,,2013,1
D,NAN,2013-02-14,0.0,,6.5,1.6,1.6,9.0,,2013,2
D,NAN,2013-02-28,0.0,9.8,6.5,1.5,1.5,9.0,,2013,2
D,NAN,2013-03-13,,,6.5,1.5,1.6,11.0,,2013,3
D,NAN,2013-03-28,0.0,10.0,6.5,1.4,1.6,8.0,,2013,3
D,NAN,2013-04-11,0.0,,6.5,1.2,1.4,20.0,,2013,4
D,NAN,2013-04-26,0.0,8.6,6.5,0.3,1.5,15.0,,2013,4
D,NAN,2013-05-08,0.0,,7.0,1.0,1.5,22.0,,2013,5
D,NAN,2013-05-25,0.0,5.5,6.0,0.5,1.5,24.0,,2013,5
D,NAN,2013-06-13,0.0,,7.0,0.8,1.3,30.0,,2013,6
D,NAN,2013-06-25,0.0,6.4,7.5,0.6,1.2,,,2013,6
D,NAN,2013-07-11,0.0,,7.0,0.9,1.4,26.0,,2013,7
D,NAN,2013-07-25,0.0,3.8,6.5,0.7,1.8,27.0,,2013,7
D,NAN,2013-08-08,0.0,6.8,7.0,0.9,1.3,26.0,,2013,8
D,NAN,2013-08-22,0.0,4.2,6.5,1.1,1.5,27.0,,2013,8
D,NAN,2013-09-12,0.0,,6.5,1.2,1.2,27.0,,2013,9
D,NAN,2013-09-26,0.0,6.1,6.7,0.9,1.1,20.0,,2013,9
D,NAN,2013-10-22,0.0,7.0,6.5,1.0,1.2,17.0,,2013,10
D,NAN,2013-11-12,0.0,,6.0,0.8,1.1,12.0,,2013,11
D,NAN,2013-11-19,0.0,9.6,6.5,1.2,1.2,12.0,,2013,11
D,NAN,2013-12-04,0.0,,6.5,1.2,1.2,10.0,,2013,12
D,NAN,2013-12-11,0.0,8.65,6.5,0.8,0.8,8.0,,2013,12
BAY,NAN,2013-01-10,0.0,8.5,7.0,0.4,0.5,9.0,,2013,1
BAY,NAN,2013-01-24,0.0,8.7,7.0,0.1,0.4,3.0,,2013,1
BAY,NAN,2013-02-14,0.0,7.7,7.0,0.7,2.5,9.0,,2013,2
BAY,NAN,2013-02-28,0.0,8.5,7.0,0.2,0.7,10.0,,2013,2
BAY,NAN,2013-03-13,,10.0,7.5,0.2,0.6,11.0,,2013,3
BAY,NAN,2013-03-28,0.0,10.0,7.0,0.2,0.3,8.0,,2013,3
BAY,NAN,2013-04-11,0.0,8.0,7.0,0.3,0.9,20.0,,2013,4
BAY,NAN,2013-04-26,0.0,8.9,7.0,0.2,0.2,14.0,,2013,4
BAY,NAN,2013-05-08,0.0,8.2,7.0,0.3,0.7,19.0,,2013,5
BAY,NAN,2013-05-25,0.0,6.1,7.5,0.4,0.9,24.0,,2013,5
BAY,NAN,2013-06-13,0.0,6.9,7.5,0.5,0.7,26.0,,2013,6
BAY,NAN,2013-06-25,0.0,6.7,7.5,0.4,0.9,26.0,,2013,6
BAY,NAN,2013-07-11,0.0,6.8,7.5,0.5,0.9,26.0,,2013,7
BAY,NAN,2013-07-25,0.0,5.9,8.0,0.5,0.8,26.0,,2013,7
BAY,NAN,2013-08-08,0.0,6.8,8.5,0.5,0.8,24.0,,2013,8
BAY,NAN,2013-08-22,0.0,6.0,8.5,0.5,0.7,26.0,,2013,8
BAY,NAN,2013-09-12,0.0,4.3,8.0,0.5,0.8,25.0,,2013,9
BAY,NAN,2013-09-26,0.0,6.1,8.5,0.3,0.4,19.0,,2013,9
BAY,NAN,2013-10-22,0.0,7.9,7.0,0.7,0.8,16.0,,2013,10
BAY,NAN,2013-11-12,0.0,9.8,7.5,0.4,0.6,11.0,,2013,11
BAY,NAN,2013-11-19,0.0,7.1,7.0,0.3,0.5,12.0,,2013,11
BAY,NAN,2013-12-04,0.0,7.0,7.5,0.2,0.5,11.0,,2013,12
BAY,NAN,2013-12-11,0.0,8.35,7.0,0.2,0.5,8.0,,2013,12
A,NAN,2014-01-03,0.0,,6.5,0.6,0.9,6.0,,2014,1
B,NAN,2014-01-03,0.0,,6.0,0.3,0.3,5.0,,2014,1
D,NAN,2014-01-03,0.0,7.9,6.5,1.1,1.2,5.0,,2014,1
BAY,NAN,2014-01-03,0.0,7.3,7.0,0.1,0.4,5.0,,2014,1
A,NAN,2014-01-14,0.0,6.8,6.5,0.5,0.5,11.0,,2014,1
B,NAN,2014-01-14,0.0,6.2,6.5,0.4,0.4,,,2014,1
D,NAN,2014-01-14,0.0,,6.5,1.0,1.4,11.0,,2014,1
BAY,NAN,2014-01-14,0.0,8.7,7.0,0.4,0.6,11.0,,2014,1
A,NAN,2014-02-11,0.0,,6.5,0.5,0.9,1.0,,2014,2
B,NAN,2014-02-11,0.0,,7.0,0.3,0.3,4.0,,2014,2
D,NAN,2014-02-11,0.0,10.0,6.5,0.8,1.4,2.0,,2014,2
BAY,NAN,2014-02-11,0.0,8.8,7.0,0.2,0.2,3.0,,2014,2
A,NAN,2014-02-25,0.0,6.0,6.5,0.3,0.5,9.0,,2014,2
B,NAN,2014-02-25,0.0,8.1,7.0,0.3,0.3,8.0,,2014,2
D,NAN,2014-02-25,0.0,,6.5,0.7,1.2,9.0,,2014,2
BAY,NAN,2014-02-25,0.0,6.9,7.0,0.3,0.5,9.0,,2014,2
BAY,NAN,2014-03-12,0.0,8.2,7.5,0.2,0.5,14.0,,2014,3
D,NAN,2014-03-12,0.0,8.2,6.0,1.2,1.4,14.0,,2014,3
B,NAN,2014-03-12,0.0,,7.0,0.3,0.3,14.5,,2014,3
A,NAN,2014-03-12,0.0,,6.5,0.5,0.7,13.0,,2014,3
BAY,NAN,2014-03-27,0.0,10.0,7.0,0.2,0.3,4.0,,2014,3
A,NAN,2014-03-27,0.0,,7.0,0.1,0.5,7.0,,2014,3
B,NAN,2014-03-27,0.0,,7.0,0.4,0.4,5.0,,2014,3
D,NAN,2014-03-27,0.0,,6.5,1.5,1.6,6.0,,2014,3
A,NAN,2014-04-10,0.0,,6.5,0.0,0.4,17.0,,2014,4
B,NAN,2014-04-10,0.0,,7.0,0.3,0.3,15.0,,2014,4
D,NAN,2014-04-10,0.0,8.2,6.5,0.9,1.6,16.0,,2014,4
BAY,NAN,2014-04-10,0.0,9.0,7.5,0.4,0.7,,,2014,4
BAY,NAN,2014-05-07,0.0,6.8,7.0,0.5,0.9,18.0,,2014,5
A,NAN,2014-05-07,0.0,,6.5,0.0,0.9,19.0,,2014,5
B,NAN,2014-05-07,0.0,,7.0,0.1,0.2,18.0,,2014,5
D,NAN,2014-05-07,0.0,6.6,6.5,0.5,1.5,19.0,,2014,5
BAY,NAN,2014-05-20,0.0,7.3,7.5,0.4,0.5,18.0,,2014,5
A,NAN,2014-05-20,0.0,3.0,6.5,0.2,0.3,21.0,,2014,5
B,NAN,2014-05-20,0.0,3.86,7.5,0.5,0.5,20.0,,2014,5
D,NAN,2014-05-20,0.0,,6.5,0.5,1.4,21.0,,2014,5
BAY,01CSV,2014-06-10,0.0,5.4,7.0,0.4,0.8,15.0,22.0,2014,6
A,01CSV,2014-06-10,0.0,0.0,7.0,0.5,0.7,27.0,23.0,2014,6
B,01CSV,2014-06-10,0.0,0.0,8.0,0.3,0.3,27.0,74.0,2014,6
C,01CSV,2014-06-10,0.0,4.3,7.0,0.8,1.3,27.0,74.0,2014,6
A,NAN,2014-06-24,0.0,4.0,7.0,0.6,0.6,25.0,,2014,6
B,NAN,2014-06-24,0.0,6.0,7.0,0.1,0.1,27.0,,2014,6
D,NAN,2014-06-24,0.0,,7.0,0.7,1.2,28.0,,2014,6
BAY,NAN,2014-06-24,0.0,4.2,8.0,0.4,0.6,24.0,,2014,6
A,NAN,2014-07-08,0.0,,7.5,0.6,0.8,29.0,,2014,7
B,NAN,2014-07-08,0.0,,7.5,0.1,0.1,28.0,,2014,7
D,NAN,2014-07-08,0.0,5.8,6.5,1.0,1.3,28.0,,2014,7
BAY,NAN,2014-07-08,0.0,4.2,7.5,0.5,0.8,25.0,,2014,7
BAY,NAN,2014-07-22,0.0,3.7,7.5,0.4,0.6,26.0,,2014,7
A,NAN,2014-07-22,0.0,,6.5,0.5,0.8,27.0,,2014,7
B,NAN,2014-07-22,0.0,,7.5,0.1,0.1,28.0,,2014,7
D,NAN,2014-07-22,0.0,5.3,7.0,0.8,1.3,27.0,,2014,7
BAY,NAN,2014-08-12,0.0,3.9,8.0,4.5,7.5,25.0,,2014,8
D,NAN,2014-08-12,0.0,,7.0,0.8,1.6,26.0,,2014,8
A,NAN,2014-08-12,0.0,3.0,8.0,0.1,0.1,26.0,,2014,8
B,NAN,2014-08-12,0.0,2.4,6.5,0.5,0.8,26.0,,2014,8
A,NAN,2014-08-28,0.0,,7.0,0.7,0.7,27.0,,2014,8
D,NAN,2014-08-28,0.0,5.3,6.5,1.0,1.5,25.0,,2014,8
BAY,NAN,2014-08-28,0.0,3.9,8.5,0.35,0.45,24.0,,2014,8
A,NAN,2014-09-10,0.0,4.6,6.5,0.4,0.4,24.0,,2014,9
B,NAN,2014-09-10,0.0,3.7,6.5,0.2,0.2,25.0,,2014,9
D,NAN,2014-09-10,0.0,,6.5,1.3,1.3,24.0,,2014,9
BAY,NAN,2014-09-10,0.0,2.7,7.5,0.5,0.8,24.0,,2014,9
BAY,NAN,2014-09-23,0.0,7.0,8.0,0.4,0.6,20.0,,2014,9
A,NAN,2014-09-23,0.0,,6.0,0.3,0.6,22.0,,2014,9
B,NAN,2014-09-23,0.0,,7.0,0.01,0.01,18.0,,2014,9
D,NAN,2014-09-23,0.0,6.3,,1.0,1.3,20.0,,2014,9
A,NAN,2014-10-07,0.0,6.4,7.0,0.3,0.3,20.0,,2014,10
B,NAN,2014-10-07,0.0,5.9,7.0,0.1,0.1,17.0,,2014,10
D,NAN,2014-10-07,0.0,,6.0,1.45,1.45,20.0,,2014,10
BAY,NAN,2014-10-07,0.0,6.0,7.5,0.65,0.9,,,2014,10
A,NAN,2014-10-21,0.0,,6.5,0.3,0.6,18.0,,2014,10
B,NAN,2014-10-21,0.0,,7.5,0.1,0.1,,,2014,10
D,NAN,2014-10-21,0.0,7.6,6.0,1.3,1.3,18.0,,2014,10
BAY,NAN,2014-10-21,0.0,6.5,7.5,0.4,0.7,16.5,,2014,10
BAY,NAN,2014-11-13,0.0,7.0,7.0,0.3,0.4,13.0,,2014,11
A,NAN,2014-11-13,0.0,7.2,6.5,0.3,0.3,14.0,,2014,11
B,NAN,2014-11-13,0.0,6.2,7.5,0.15,0.15,13.0,,2014,11
D,NAN,2014-11-13,0.0,,6.5,0.12,0.12,14.0,,2014,11
BAY,NAN,2014-12-02,0.0,9.8,7.0,0.4,0.6,11.0,,2014,12
A,NAN,2014-12-02,0.0,,7.0,0.6,0.9,10.0,,2014,12
B,NAN,2014-12-02,0.0,,6.5,0.3,0.3,10.0,,2014,12
D,NAN,2014-12-02,0.0,9.7,6.0,1.2,1.2,10.0,,2014,12
BAY,NAN,2014-12-19,0.0,7.6,9.0,0.5,0.5,11.0,,2014,12
A,NAN,2014-12-19,0.0,7.3,7.0,0.6,1.0,7.0,,2014,12
B,NAN,2014-12-19,0.0,6.3,6.5,0.15,0.15,7.0,,2014,12
D,NAN,2014-12-19,0.0,,7.0,1.1,1.1,7.0,,2014,12
BAY,NAN,2015-01-06,0.0,8.9,7.0,0.4,0.6,9.0,,2015,1
A,NAN,2015-01-06,0.0,,6.5,0.7,0.7,9.0,,2015,1
B,NAN,2015-01-06,0.0,,7.0,0.3,0.3,8.0,,2015,1
D,NAN,2015-01-06,0.0,9.0,6.5,1.3,1.5,9.0,,2015,1
BAY,NAN,2015-01-20,0.0,8.3,7.0,0.2,0.6,7.0,,2015,1
A,NAN,2015-01-20,0.0,,6.5,0.5,1.0,8.0,,2015,1
B,NAN,2015-01-20,0.0,,7.0,0.2,0.2,7.0,,2015,1
D,NAN,2015-01-20,0.0,9.0,6.5,1.0,1.4,8.0,,2015,1
BAY,NAN,2015-02-03,0.0,10.0,,0.4,0.6,,,2015,2
A,NAN,2015-02-03,0.0,9.7,6.5,0.4,0.5,3.0,,2015,2
B,NAN,2015-02-03,0.0,7.6,6.5,0.3,0.3,3.0,,2015,2
D,NAN,2015-02-03,0.0,,6.5,1.2,1.5,4.0,,2015,2
A,NAN,2015-02-24,0.0,,6.5,0.4,0.5,1.0,,2015,2
B,NAN,2015-02-24,,,,,,,,2015,2
D,NAN,2015-02-24,0.0,10.0,6.5,0.1,0.15,0.0,,2015,2
BAY,NAN,2015-02-24,0.0,9.2,7.0,0.2,0.2,3.0,,2015,2
BAY,01CSV,2015-04-21,0.0,7.1,7.0,0.3,0.9,20.0,,2015,4
B,01CSV,2015-04-21,0.0,5.3,7.5,,,20.0,,2015,4
A,01CSV,2015-04-21,0.0,4.0,6.5,0.3,0.4,19.0,,2015,4
BAY,01CSV,2015-04-07,0.0,8.2,7.0,0.2,0.6,15.0,,2015,4
D,01CSV,2015-04-07,0.0,7.4,6.5,0.9,1.3,16.0,,2015,4
B,01CSV,2015-04-07,0.0,,7.0,0.3,0.3,17.0,,2015,4
A,01CSV,2015-04-07,0.0,,7.0,0.3,0.5,18.0,,2015,4
BAY,01CSV,2015-03-24,0.0,,6.5,0.9,1.2,10.0,,2015,3
BAY,01CSV,2015-03-24,0.0,10.0,7.0,0.3,0.3,9.0,,2015,3
B,01CSV,2015-03-24,0.0,10.0,7.0,0.4,0.5,9.0,,2015,3
A,01CSV,2015-03-24,0.0,7.8,7.0,0.3,0.3,10.0,,2015,3
D,01CSV,2015-04-21,0.0,,6.5,1.0,1.5,19.0,,2015,4
BAY,01CSV,2015-05-07,0.0,6.3,7.5,0.3,0.6,20.0,,2015,5
D,01CSV,2015-05-07,0.0,7.7,7.0,1.1,1.3,20.0,,2015,5
B,01CSV,2015-05-07,0.0,,8.0,0.1,0.1,21.0,,2015,5
A,01CSV,2015-05-07,0.0,,7.5,0.15,0.15,21.0,,2015,5
BAY,01CSV,2015-06-01,0.0,4.3,7.5,0.4,0.9,25.0,,2015,6
D,01CSV,2015-06-01,0.0,5.8,7.0,0.2,0.9,27.0,,2015,6
B,01CSV,2015-06-01,0.0,,7.5,0.1,0.1,28.0,,2015,6
A,01CSV,2015-06-03,0.0,,7.0,0.1,0.1,29.0,,2015,6
BAY,01CSV,2015-06-11,0.0,5.0,8.5,0.4,0.8,26.0,,2015,6
B,01CSV,2015-06-11,0.0,4.0,8.0,0.5,0.5,27.0,,2015,6
A,01CSV,2015-06-11,0.0,5.1,8.0,0.5,0.6,28.0,,2015,6
D,01CSV,2015-06-11,0.0,,7.0,0.8,1.1,29.0,,2015,6
D,01CSV,2015-07-23,0.0,,7.0,0.8,1.2,30.5,,2015,7
B,01CSV,2015-07-23,0.0,7.0,7.5,0.3,0.3,31.0,,2015,7
A,01CSV,2015-07-23,0.0,6.0,7.5,0.4,0.4,30.0,,2015,7
BAY,01CSV,2015-07-23,0.0,7.0,9.0,0.5,0.8,27.0,,2015,7
BAY,NAN,2015-09-22,0.0,4.5,8.0,0.3,0.3,23.0,,2015,9
BAY,NAN,2015-09-09,0.0,2.9,9.0,0.05,0.05,26.0,,2015,9
BAY,NAN,2015-10-07,0.0,5.5,7.0,0.3,0.5,18.0,,2015,10
A,NAN,2015-10-07,0.0,,6.0,0.5,0.7,20.0,,2015,10
B,NAN,2015-10-07,0.0,,7.0,0.2,0.2,19.0,,2015,10
D,NAN,2015-10-07,0.0,6.2,6.0,0.9,1.2,,,2015,10
A,NAN,2015-10-13,0.0,6.7,7.0,0.4,0.4,15.0,,2015,10
B,NAN,2015-10-13,0.0,6.0,7.0,0.05,0.05,12.0,,2015,10
D,NAN,2015-10-13,0.0,,6.5,1.0,1.3,14.0,,2015,10
BAY,NAN,2015-10-13,0.0,4.9,7.0,0.4,0.6,12.0,,2015,10
A,NAN,2015-11-03,0.0,,7.0,0.4,0.4,18.0,,2015,11
B,NAN,2015-11-03,0.0,,7.0,0.1,0.1,19.0,,2015,11
D,NAN,2015-11-03,0.0,6.6,6.5,1.2,1.3,18.0,,2015,11
BAY,NAN,2015-11-03,0.0,6.6,7.0,0.4,0.6,28.0,,2015,11
BAY,NAN,2015-11-17,0.0,5.5,7.5,0.25,0.8,13.0,,2015,11
A,NAN,2015-11-17,0.0,6.5,6.5,0.5,0.5,15.0,,2015,11
B,NAN,2015-11-17,0.0,8.0,7.0,0.1,0.1,14.0,,2015,11
D,NAN,2015-11-17,0.0,,6.5,0.9,1.5,14.0,,2015,11
A,NAN,2015-12-01,0.0,,7.0,0.5,0.5,15.0,,2015,12
B,NAN,2015-12-01,0.0,,6.5,0.1,0.1,14.0,,2015,12
D,NAN,2015-12-01,0.0,7.1,6.5,0.8,1.6,,,2015,12
A,NAN,2015-12-15,0.0,,7.0,0.6,0.6,15.0,,2015,12
B,NAN,2015-12-15,0.0,,6.5,0.3,0.3,17.0,,2015,12
D,NAN,2015-12-15,0.0,6.6,6.0,0.7,1.8,16.0,,2015,12
BAY,NAN,2015-12-15,0.0,7.9,7.0,0.5,0.8,17.0,,2015,12
BAY,NAN,2015-12-01,0.0,,7.0,0.3,0.5,14.0,,2015,12
A,NAN,2015-12-30,0.0,,6.0,0.7,1.3,17.0,,2015,12
B,NAN,2015-12-30,0.0,,6.0,0.3,0.3,17.0,,2015,12
D,NAN,2015-12-30,0.0,6.2,6.0,0.7,1.4,19.0,,2015,12
BAY,NAN,2015-12-30,0.0,8.7,7.0,0.7,0.9,18.0,,2015,12
A,NAN,2016-01-13,0.0,6.5,6.5,0.5,0.8,7.0,,2016,1
BAY,NAN,2016-01-13,0.0,9.1,7.0,0.5,0.9,5.0,,2016,1
D,NAN,2016-01-13,0.0,,6.5,0.7,1.9,6.0,,2016,1
B,NAN,2016-01-13,0.0,6.6,6.5,0.3,0.3,5.0,,2016,1
A,NAN,2016-02-11,0.0,,6.0,0.4,1.0,5.0,,2016,2
B,NAN,2016-02-11,0.0,,6.0,0.6,0.6,2.0,,2016,2
D,NAN,2016-02-11,0.0,10.0,5.5,0.6,1.3,3.0,,2016,2
BAY,NAN,2016-02-11,0.0,9.5,7.0,0.1,0.2,5.0,,2016,2
BAY,NAN,2016-02-23,0.0,9.0,7.0,0.4,0.6,11.0,,2016,2
B,NAN,2016-02-23,0.0,8.0,,0.4,0.4,11.0,,2016,2
A,NAN,2016-02-23,0.0,7.5,6.5,0.5,1.0,11.0,,2016,2
D,NAN,2016-02-23,0.0,,6.5,0.8,1.8,10.0,,2016,2
BAY,NAN,2016-03-08,0.0,9.5,7.0,0.3,0.7,11.0,,2016,3
D,NAN,2016-03-08,0.0,9.5,6.5,0.9,1.8,12.0,,2016,3
B,NAN,2016-03-08,0.0,,7.0,0.7,0.7,12.0,,2016,3
A,NAN,2016-03-08,0.0,,7.0,0.3,1.0,12.0,,2016,3
A,NAN,2016-03-22,0.0,7.1,6.5,0.6,0.6,11.0,,2016,3
B,NAN,2016-03-22,0.0,6.5,7.0,0.3,0.3,11.0,,2016,3
D,NAN,2016-03-22,0.0,,6.5,0.8,1.8,12.0,,2016,3
BAY,NAN,2016-03-22,0.0,7.1,7.0,0.4,0.4,10.0,,2016,3
A,NAN,2016-04-14,0.0,,6.5,0.5,0.6,15.0,,2016,4
B,NAN,2016-04-14,0.0,,8.0,0.2,0.2,14.0,,2016,4
D,NAN,2016-04-14,0.0,6.0,6.5,0.9,1.3,14.0,,2016,4
BAY,NAN,2016-04-14,0.0,7.9,7.0,0.3,0.3,13.0,,2016,4
BAY,NAN,2016-05-03,0.0,4.5,7.0,0.4,0.9,21.0,,2016,5
A,NAN,2016-05-03,0.0,,7.0,0.4,0.9,22.0,,2016,5
B,NAN,2016-05-03,0.0,,6.5,0.2,0.2,20.0,,2016,5
D,NAN,2016-05-03,0.0,,6.5,0.5,1.2,21.0,,2016,5
A,NAN,2016-08-31,0.0,3.9,7.5,0.4,0.4,28.0,,2016,8
B,NAN,2016-08-31,0.0,4.2,8.5,0.01,0.01,28.0,,2016,8
D,NAN,2016-08-31,0.0,,6.5,0.9,0.9,29.0,,2016,8
BAY,NAN,2016-08-31,0.0,4.3,8.5,0.3,0.5,27.0,,2016,8
A,NAN,2016-09-22,0.0,,6.5,0.6,0.7,25.0,,2016,9
B,NAN,2016-09-22,0.0,,6.5,0.3,0.3,24.0,,2016,9
D,NAN,2016-09-22,0.0,5.0,6.0,0.6,1.8,,,2016,9
BAY,NAN,2016-09-22,0.0,3.2,7.0,0.9,1.0,23.0,,2016,9
A,NAN,2016-10-05,0.0,3.8,6.5,0.5,0.5,22.0,,2016,10
B,NAN,2016-10-05,0.0,2.9,6.5,0.3,0.3,25.0,,2016,10
BAY,NAN,2016-10-05,0.0,6.8,,0.4,0.6,21.0,,2016,10
A,NAN,2016-10-18,0.0,,6.5,0.2,0.5,22.0,19.0,2016,10
B,NAN,2016-10-18,0.0,,6.5,0.3,0.3,24.0,19.0,2016,10
BAY,NAN,2016-10-18,0.0,6.3,7.0,0.5,1.2,,18.0,2016,10
D,NAN,2016-10-18,0.0,6.0,6.5,0.5,1.4,25.0,19.0,2016,10
D,NAN,2016-11-02,0.0,,6.5,0.8,1.6,17.0,16.0,2016,11
B,NAN,2016-11-02,0.0,3.8,6.5,0.2,0.2,16.0,16.0,2016,11
A,NAN,2016-11-02,0.0,4.4,6.5,0.2,0.4,16.0,16.0,2016,11
BAY,NAN,2016-11-02,0.0,6.3,6.7,0.7,0.7,17.0,16.0,2016,11
A,NAN,2016-11-16,0.0,,6.5,0.3,0.4,18.0,13.0,2016,11
B,NAN,2016-11-16,0.0,,6.5,0.25,0.25,12.0,13.0,2016,11
D,NAN,2016-11-16,0.0,8.8,6.5,1.0,1.3,14.0,13.0,2016,11
BAY,NAN,2016-11-16,0.0,9.0,7.0,0.7,0.8,13.0,13.0,2016,11
A,NAN,2016-12-07,0.0,,7.0,0.3,0.5,11.0,9.0,2016,12
B,NAN,2016-12-07,0.0,,6.5,0.5,0.5,10.0,9.0,2016,12
BAY,NAN,2016-12-07,0.0,7.6,7.0,0.4,0.5,11.0,9.0,2016,12
D,NAN,2016-12-07,0.0,10.0,6.5,0.9,1.1,11.0,9.0,2016,12
A,NAN,2016-12-20,0.0,,7.0,0.4,0.4,6.0,3.0,2016,12
BAY,NAN,2016-12-20,0.0,6.7,7.0,3.0,3.5,5.0,3.0,2016,12
B,NAN,2016-12-20,0.0,,6.5,0.4,0.4,5.0,3.0,2016,12
D,NAN,2016-12-20,0.0,10.0,6.5,1.7,1.7,5.0,3.0,2016,12
D,NAN,2017-01-24,0.0,,6.0,0.7,1.2,9.0,7.0,2017,1
A,NAN,2017-01-24,0.0,7.9,,0.5,0.6,9.0,7.0,2017,1
BAY,NAN,2017-01-24,0.0,3.2,7.0,0.3,0.6,9.0,7.0,2017,1
B,NAN,2017-01-24,0.0,7.6,6.5,0.3,0.5,8.0,7.0,2017,1
A,NAN,2017-02-07,0.0,,7.0,0.5,0.7,9.0,15.0,2017,2
D,NAN,2017-02-07,0.0,10.0,6.5,0.9,1.3,10.0,14.0,2017,2
BAY,NAN,2017-02-07,0.0,8.2,7.0,0.3,0.6,9.0,14.0,2017,2
B,NAN,2017-02-07,0.0,,7.0,0.3,0.3,11.0,15.0,2017,2
D,NAN,2017-02-21,0.0,,6.5,0.9,1.1,13.0,10.0,2017,2
A,NAN,2017-02-21,0.0,5.7,6.5,0.5,0.9,13.0,10.0,2017,2
BAY,NAN,2017-02-21,0.0,5.2,7.0,0.3,0.5,13.0,9.0,2017,2
B,NAN,2017-02-21,0.0,5.2,7.0,0.5,0.5,12.0,9.0,2017,2
BAY,NAN,2017-03-08,0.0,7.1,7.0,0.3,0.5,13.0,8.0,2017,3
A,NAN,2017-03-08,0.0,,6.5,0.4,0.4,13.0,9.0,2017,3
B,NAN,2017-03-08,0.0,,6.5,0.2,0.4,13.0,8.0,2017,3
D,NAN,2017-03-08,0.0,10.0,6.5,1.6,1.6,12.0,8.0,2017,3
D,NAN,2017-03-21,0.0,,6.5,0.9,1.7,10.0,11.0,2017,3
A,NAN,2017-03-21,0.0,,,,,,11.0,2017,3
B,NAN,2017-03-21,0.0,5.0,7.0,0.3,0.3,10.0,11.0,2017,3
BAY,NAN,2017-03-21,0.0,3.2,7.0,0.3,0.3,10.0,10.0,2017,3
A,NAN,2017-04-04,0.0,,7.0,0.5,0.6,20.0,21.7,2017,4
B,NAN,2017-04-04,0.0,,7.0,0.2,0.3,19.0,21.7,2017,4
A,NAN,2017-04-18,0.0,,6.5,0.4,0.9,19.0,,2017,4
A,NAN,2017-05-11,0.0,,6.5,0.4,0.7,19.0,,2017,5
A,NAN,2017-05-25,0.0,4.2,6.5,0.6,0.8,22.0,,2017,5
A,NAN,2017-06-07,0.0,,6.5,0.5,0.6,23.0,,2017,6
A,NAN,2017-06-19,0.0,,6.5,0.5,0.7,27.0,,2017,6
A,NAN,2017-07-11,0.0,,7.0,0.5,0.5,31.0,,2017,7
A,NAN,2017-07-25,0.0,3.6,7.0,0.8,0.9,27.0,,2017,7
B,NAN,2017-04-18,0.0,,6.5,0.4,0.4,19.0,,2017,4
B,NAN,2017-05-11,0.0,,6.5,0.2,0.2,18.0,,2017,5
B,NAN,2017-05-25,,,,,,,,2017,5
B,NAN,2017-06-07,0.0,,,,,,,2017,6
B,NAN,2017-06-19,0.0,3.9,7.0,0.5,0.5,26.0,,2017,6
B,NAN,2017-07-11,0.0,,7.0,0.5,0.5,31.0,,2017,7
B,NAN,2017-07-25,0.0,4.2,7.0,0.2,0.2,28.0,,2017,7
D,NAN,2017-04-18,0.0,7.3,6.0,1.0,1.1,17.0,,2017,4
D,NAN,2017-05-11,0.0,6.5,6.5,0.8,1.7,19.0,,2017,5
D,NAN,2017-05-25,0.0,,6.5,0.7,1.8,22.0,,2017,5
D,NAN,2017-06-07,0.0,4.6,6.5,0.7,1.6,22.0,,2017,6
D,NAN,2017-06-19,0.0,,6.5,0.7,1.2,26.0,,2017,6
D,NAN,2017-07-11,0.0,5.3,6.5,0.7,1.1,29.0,,2017,7
D,NAN,2017-07-25,0.0,,6.5,0.9,1.2,29.0,,2017,7
BAY,NAN,2017-04-18,0.0,6.0,6.0,0.4,0.7,20.0,,2017,4
BAY,NAN,2017-05-11,0.0,5.0,6.0,0.4,0.4,18.0,,2017,5
BAY,NAN,2017-05-25,0.0,6.9,7.0,0.5,0.9,20.0,,2017,5
BAY,NAN,2017-06-07,0.0,3.5,6.0,0.6,0.9,21.0,,2017,6
BAY,NAN,2017-06-19,0.0,4.3,6.5,0.5,1.0,25.0,,2017,6
BAY,NAN,2017-07-11,0.0,4.7,7.0,0.4,0.9,27.0,,2017,7
BAY,NAN,2017-07-25,0.0,6.2,7.0,0.4,0.9,26.0,,2017,7
A,NAN,2017-04-04,0.0,,7.0,0.5,0.6,20.0,,2017,4
B,NAN,2017-04-04,0.0,,7.0,0.2,0.3,19.0,,2017,4
D,NAN,2017-04-04,0.0,6.2,6.5,1.0,1.1,19.0,,2017,4
BAY,NAN,2017-04-04,0.0,4.2,6.25,0.2,0.9,19.0,,2017,4
A,NAN,2017-08-08,0.0,,6.5,0.8,1.0,25.0,,2017,8
B,NAN,2017-08-08,0.0,,6.5,0.1,0.1,25.0,,2017,8
D,NAN,2017-08-08,0.0,4.8,,0.9,1.7,25.0,,2017,8
BAY,NAN,2017-08-08,0.0,6.2,7.0,0.4,0.9,25.0,,2017,8
A,NAN,2017-09-12,0.0,,7.0,0.4,0.4,21.0,,2017,9
B,NAN,2017-09-12,0.0,,6.5,0.3,0.3,20.0,,2017,9
D,NAN,2017-09-12,0.0,5.8,6.5,1.0,1.7,20.0,,2017,9
BAY,NAN,2017-09-12,0.0,6.0,7.0,0.3,0.3,20.0,,2017,9
B,NAN,2017-09-29,0.0,3.0,7.0,0.1,0.1,24.5,,2017,9
D,NAN,2017-09-29,0.0,,6.5,1.3,1.3,25.0,,2017,9
BAY,NAN,2017-09-29,0.0,,,0.1,0.1,,,2017,9
A,NAN,2017-10-12,0.0,,6.5,0.3,0.4,25.0,,2017,10
B,NAN,2017-10-12,0.0,,7.0,0.1,0.1,25.0,,2017,10
D,NAN,2017-10-12,0.0,5.8,6.5,1.8,2.1,26.0,,2017,10
BAY,NAN,2017-10-12,0.0,5.2,7.0,1.5,1.9,25.0,,2017,10
BAY,NAN,2017-10-26,0.0,7.1,7.0,0.35,0.8,26.0,,2017,10
A,NAN,2017-10-26,0.0,6.8,6.5,0.2,0.4,27.0,,2017,10
B,NAN,2017-10-26,0.0,4.1,6.5,0.2,0.2,26.0,,2017,10
D,NAN,2017-10-26,0.0,,6.5,1.2,1.2,27.0,,2017,10
BAY,NAN,2017-11-08,,6.6,7.0,0.5,0.5,16.0,,2017,11
D,NAN,2017-11-08,,6.9,6.5,1.2,1.5,16.0,,2017,11
B,NAN,2017-11-08,,,6.5,0.2,0.2,15.0,,2017,11
A,NAN,2017-11-08,,,6.5,0.6,0.6,16.0,,2017,11
A,NAN,2017-11-29,,,,,,,,2017,11
A,NAN,2017-12-12,0.0,,6.5,0.7,0.7,6.0,,2017,12
B,NAN,2017-11-29,0.0,5.2,6.5,0.2,0.2,6.0,,2017,11
B,NAN,2017-12-12,0.0,,6.5,0.2,0.2,6.0,,2017,12
D,NAN,2017-11-29,0.0,,6.5,1.3,1.3,7.0,,2017,11
D,NAN,2017-12-12,0.0,9.9,6.5,1.3,1.3,7.0,,2017,12
BAY,NAN,2017-11-29,0.0,10.0,7.0,0.6,0.8,9.0,,2017,11
BAY,NAN,2017-12-12,0.0,10.0,7.0,0.6,0.8,9.0,,2017,12
A,NAN,2018-01-16,0.0,,7.0,0.6,0.6,5.0,,2018,1
A,NAN,2018-02-14,0.0,,6.5,1.0,1.8,7.0,,2018,2
A,NAN,2018-03-07,0.0,,6.5,1.1,1.8,8.0,,2018,3
A,NAN,2018-03-22,0.0,8.0,6.5,0.7,0.9,7.0,,2018,3
A,NAN,2018-04-17,1.0,,7.0,1.3,1.6,14.0,,2018,4
A,NAN,2018-05-10,0.1,,7.0,0.7,0.9,21.0,,2018,5
A,NAN,2018-05-25,0.1,4.0,6.5,5.5,7.0,26.0,,2018,5
A,NAN,2018-06-14,0.1,,7.0,1.0,1.2,26.0,,2018,6
A,NAN,2018-06-27,0.1,4.7,4.8,0.5,0.5,27.0,,2018,6
A,NAN,2018-07-18,0.1,,7.0,0.5,0.5,28.0,,2018,7
A,NAN,2018-08-01,0.0,,6.5,0.5,1.2,29.0,,2018,8
A,NAN,2018-08-14,0.0,3.8,6.5,0.4,1.2,28.0,,2018,8
A,NAN,2018-09-04,0.0,,6.5,0.8,0.8,31.0,,2018,9
A,NAN,2018-09-20,0.09,4.4,6.5,0.3,0.5,28.0,,2018,9
A,NAN,2018-01-31,0.0,10.0,7.0,1.0,1.0,3.0,,2018,1
B,NAN,2018-01-31,0.0,7.7,6.5,0.4,0.5,3.0,,2018,1
B,NAN,2018-01-16,0.0,,6.5,0.3,0.3,5.0,,2018,1
B,NAN,2018-02-14,0.0,,6.5,0.5,0.5,8.0,,2018,2
B,NAN,2018-03-07,0.0,,6.5,0.2,0.2,8.0,,2018,3
B,NAN,2018-03-22,0.0,9.8,6.5,0.2,0.2,5.0,,2018,3
B,NAN,2018-04-04,1.0,,7.0,0.5,0.5,19.0,,2018,4
B,NAN,2018-04-17,1.0,8.0,6.5,0.4,0.4,10.0,,2018,4
B,NAN,2018-05-10,0.8,,7.5,0.3,0.3,22.0,,2018,5
B,NAN,2018-05-25,0.6,4.9,7.0,0.4,0.4,26.1,,2018,5
B,NAN,2018-06-14,0.08,,7.0,0.3,0.3,29.0,,2018,6
B,NAN,2018-06-27,0.7,3.7,7.0,0.2,0.2,26.0,,2018,6
B,NAN,2018-07-18,0.8,,7.0,0.1,0.1,28.0,,2018,7
B,NAN,2018-08-01,8.0,,6.5,0.4,0.4,30.0,,2018,8
B,NAN,2018-08-14,0.0,7.3,6.5,0.2,0.2,27.0,,2018,8
B,NAN,2018-09-04,0.0,,6.5,0.2,0.2,30.0,,2018,9
B,NAN,2018-09-20,0.0,5.0,6.5,0.2,0.2,28.0,,2018,9
D,NAN,2018-01-31,0.0,,6.5,1.2,1.3,4.0,,2018,1
D,NAN,2018-01-16,0.0,10.0,6.5,1.6,1.6,4.0,,2018,1
D,NAN,2018-02-14,0.0,9.5,6.5,1.3,1.4,6.0,,2018,2
D,NAN,2018-03-07,0.0,10.0,6.5,1.0,1.5,8.0,,2018,3
D,NAN,2018-03-22,0.0,,6.5,1.1,1.7,7.0,,2018,3
D,NAN,2018-04-04,1.0,8.0,,0.9,1.3,18.0,,2018,4
D,NAN,2018-04-17,1.0,,7.0,0.9,1.3,14.0,,2018,4
D,NAN,2018-05-10,0.0,6.3,6.5,0.8,1.2,21.4,,2018,5
D,NAN,2018-05-25,0.0,,6.5,0.9,1.6,25.0,,2018,5
D,NAN,2018-06-14,0.0,5.0,6.5,0.8,1.3,27.0,,2018,6
D,NAN,2018-06-27,0.0,,6.5,0.7,1.5,25.0,,2018,6
D,NAN,2018-07-18,0.0,4.0,,0.8,1.5,27.0,,2018,7
D,NAN,2018-08-01,0.0,4.0,6.5,0.5,1.6,28.0,,2018,8
D,NAN,2018-08-14,,,6.5,0.4,1.5,28.0,,2018,8
D,NAN,2018-09-04,0.0,3.2,6.5,0.8,1.3,30.0,,2018,9
D,NAN,2018-09-20,0.0,5.0,6.5,0.4,1.4,25.0,,2018,9
BAY,NAN,2018-01-31,0.0,8.0,7.0,0.1,0.2,4.0,,2018,1
BAY,NAN,2018-02-14,0.0,6.0,6.0,0.5,0.5,5.0,,2018,2
BAY,NAN,2018-01-16,,,,,,,,2018,1
BAY,NAN,2018-03-07,0.0,9.2,7.0,0.1,0.1,9.0,,2018,3
BAY,NAN,2018-03-22,0.0,8.8,6.0,0.2,0.5,6.0,,2018,3
BAY,NAN,2018-04-04,0.66,7.9,6.5,0.1,0.9,17.0,,2018,4
BAY,NAN,2018-04-17,1.2,7.8,6.5,0.2,1.0,14.0,,2018,4
BAY,NAN,2018-05-10,0.18,6.0,6.5,0.2,0.4,20.0,,2018,5
BAY,NAN,2018-05-25,2.3,6.9,6.5,0.4,0.9,25.0,,2018,5
BAY,NAN,2018-06-14,0.1,5.6,7.0,0.5,0.9,24.0,,2018,6
BAY,NAN,2018-06-27,,6.0,7.0,0.4,0.8,24.0,,2018,6
BAY,NAN,2018-07-18,2.6,6.2,7.0,0.6,0.9,26.0,,2018,7
BAY,NAN,2018-08-01,1.9,3.8,7.0,0.5,1.2,26.0,,2018,8
BAY,NAN,2018-08-14,2.1,6.0,7.0,0.5,0.9,26.0,,2018,8
BAY,NAN,2018-09-04,1.9,6.2,7.5,0.4,0.7,28.0,,2018,9
BAY,NAN,2018-09-20,1.6,4.2,7.0,0.4,1.0,25.0,,2018,9
A,NAN,2019-04-24,,,,,,,,2019,4
A,NAN,2019-05-08,0.0,,7.0,0.4,0.9,27.0,,2019,5
A,NAN,2019-05-23,0.0,4.9,7.0,0.4,0.6,25.0,,2019,5
A,NAN,2019-06-05,2.0,,8.0,0.6,0.8,28.0,,2019,6
A,NAN,2019-07-03,0.0,,7.0,0.7,0.8,33.0,,2019,7
A,NAN,2019-08-06,,,7.5,0.7,0.9,31.0,,2019,8
A,NAN,2019-08-20,0.0,3.6,7.0,0.5,0.5,28.0,,2019,8
A,NAN,2019-09-03,0.0,,7.0,0.8,1.0,28.0,,2019,9
A,NAN,2019-09-18,0.0,4.6,7.0,0.6,0.6,23.0,,2019,9
A,NAN,2019-10-11,0.0,,7.0,0.6,0.6,19.0,,2019,10
A,NAN,2019-10-23,0.0,5.9,7.0,0.5,1.0,20.0,,2019,10
B,NAN,2019-04-24,0.2,7.0,,0.5,0.5,23.0,,2019,4
B,NAN,2019-05-08,0.0,,6.5,0.1,0.1,28.0,,2019,5
B,NAN,2019-05-23,0.0,4.1,7.0,0.3,0.3,27.0,,2019,5
B,NAN,2019-06-05,2.0,,9.0,0.2,0.2,27.0,,2019,6
B,NAN,2019-07-03,0.0,,7.5,0.1,0.1,33.0,,2019,7
B,NAN,2019-08-06,0.0,,7.5,0.1,0.1,31.0,,2019,8
B,NAN,2019-08-20,0.0,,7.0,0.1,0.1,31.0,,2019,8
B,NAN,2019-09-03,0.1,,7.0,0.1,0.1,30.0,,2019,9
B,NAN,2019-09-18,0.0,4.7,6.5,0.2,0.2,23.0,,2019,9
B,NAN,2019-10-11,0.0,,7.0,0.1,0.1,20.0,,2019,10
B,NAN,2019-10-23,0.0,4.6,6.5,0.2,0.2,20.0,,2019,10
D,NAN,2019-04-24,0.0,,6.5,0.6,0.14,22.0,,2019,4
D,NAN,2019-05-08,0.24,4.8,6.5,0.7,0.13,24.0,,2019,5
D,NAN,2019-11-05,0.0,,6.5,9.0,12.0,27.0,,2019,11
D,NAN,2019-06-05,0.0,4.1,7.0,0.6,1.1,15.0,,2019,6
D,NAN,2019-07-03,0.0,5.9,7.0,0.4,1.1,28.0,,2019,7
D,NAN,2019-08-06,0.0,3.6,6.5,0.7,1.2,25.0,,2019,8
D,NAN,2019-08-20,,,6.5,1.2,0.5,27.0,,2019,8
D,NAN,2019-09-03,0.0,5.5,7.0,0.5,1.2,28.0,,2019,9
D,NAN,2019-09-18,0.0,,7.0,0.5,1.0,23.0,,2019,9
D,NAN,2019-10-11,0.0,,6.5,0.9,1.0,20.0,,2019,10
D,NAN,2019-10-23,0.0,,6.5,0.9,1.0,20.0,,2019,10
BAY,NAN,2019-04-24,0.7,4.0,6.5,0.3,1.0,22.0,,2019,4
BAY,NAN,2019-05-08,0.8,5.3,7.0,0.4,0.7,22.0,,2019,5
BAY,NAN,2019-05-23,0.8,6.9,7.0,0.4,0.9,22.0,,2019,5
BAY,NAN,2019-06-05,9.0,4.2,8.0,0.4,0.9,24.0,,2019,6
BAY,NAN,2019-07-03,0.0,6.5,7.5,0.4,0.9,26.0,,2019,7
BAY,NAN,2019-08-06,0.01,4.4,7.5,0.4,0.8,25.0,,2019,8
BAY,NAN,2019-08-20,0.0,4.0,7.0,0.4,1.0,26.0,,2019,8
BAY,NAN,2019-09-03,0.0,4.5,9.0,0.4,0.9,27.0,,2019,9
BAY,NAN,2019-09-18,0.5,4.1,7.5,0.4,0.4,22.8,,2019,9
BAY,NAN,2019-10-11,0.1,6.0,,0.3,0.3,19.0,,2019,10
BAY,NAN,2019-10-23,0.5,6.2,7.0,0.5,0.9,19.0,,2019,10
A,NAN,2019-02-06,0.0,,6.5,0.1,0.5,15.0,,2019,2
A,NAN,2019-02-28,0.0,10.0,7.0,0.4,1.3,10.0,,2019,2
A,NAN,2019-03-14,0.0,,6.5,0.7,1.2,15.0,,2019,3
A,NAN,2019-03-26,0.0,7.0,6.5,0.0,0.4,11.0,,2019,3
D,NAN,2019-05-23,0.0,,6.5,0.9,1.2,27.0,,2019,5
B,NAN,2019-02-06,0.0,,6.5,0.2,0.2,15.0,,2019,2
B,NAN,2019-02-28,0.0,8.7,6.5,0.4,0.4,10.0,,2019,2
B,NAN,2019-03-14,0.0,,6.5,0.4,0.4,15.0,,2019,3
B,NAN,2019-03-26,0.0,9.5,7.0,0.3,0.3,12.0,,2019,3
B,NAN,2019-04-10,0.2,,7.0,0.2,0.2,19.0,,2019,4
D,NAN,2019-02-06,0.0,10.0,6.5,1.0,1.5,13.0,,2019,2
D,NAN,2019-02-28,0.0,,6.5,1.0,1.5,13.0,,2019,2
D,NAN,2019-03-14,0.0,8.3,6.5,1.0,1.4,16.0,,2019,3
D,NAN,2019-03-26,0.0,,6.5,0.9,1.4,14.0,,2019,3
D,NAN,2019-04-10,0.0,6.7,6.5,0.9,1.4,20.0,,2019,4
BAY,NAN,2019-02-06,0.0,6.0,7.0,0.4,0.6,15.0,,2019,2
BAY,NAN,2019-02-28,0.7,10.0,6.5,0.4,0.6,12.0,,2019,2
BAY,NAN,2019-03-14,0.6,8.7,6.5,0.4,0.8,15.0,,2019,3
BAY,NAN,2019-04-26,0.6,10.0,6.5,0.1,0.4,12.0,,2019,4
BAY,NAN,2019-04-10,0.0,7.4,6.5,0.2,0.7,19.0,,2019,4
A,NAN,2015-08-13,0.0,,7.5,0.5,0.6,27.0,,2015,8
A,NAN,2015-08-27,0.0,5.7,7.0,0.2,0.4,25.0,,2015,8
A,NAN,2015-09-09,0.0,10.0,7.5,0.2,0.2,29.0,,2015,9
A,NAN,2015-09-22,0.0,,7.5,0.7,0.7,25.0,,2015,9
B,NAN,2015-08-13,0.0,,7.0,0.2,0.2,27.0,,2015,8
B,NAN,2015-08-27,0.0,3.2,8.5,0.2,0.2,23.0,,2015,8
B,NAN,2015-09-09,0.0,,7.5,0.8,0.8,28.0,,2015,9
B,NAN,2015-09-22,0.0,2.3,8.0,0.3,0.3,24.0,,2015,9
D,NAN,2015-08-13,0.0,6.1,6.0,0.9,1.1,27.0,,2015,8
D,NAN,2015-08-27,0.0,,7.0,0.8,1.0,24.0,,2015,8
D,NAN,2015-09-09,0.0,4.8,7.0,0.6,0.9,28.0,,2015,9
D,NAN,2015-09-22,0.0,,7.0,0.7,0.9,24.0,,2015,9
BAY,NAN,2015-08-13,0.0,6.3,9.0,0.4,0.4,26.0,,2015,8
BAY,NAN,2015-08-27,0.0,5.0,8.5,0.4,0.7,23.0,,2015,8
A,NAN,2018-10-11,0.0,,6.5,0.4,0.4,27.0,,2018,10
A,NAN,2018-10-24,0.0,6.6,6.5,0.2,0.7,15.0,,2018,10
A,NAN,2019-10-28,0.1,,6.5,0.7,1.0,13.0,,2019,10
A,NAN,2018-11-07,0.0,,6.5,0.6,0.6,20.0,,2018,11
A,NAN,2018-12-11,0.0,,6.5,0.8,1.2,11.0,,2018,12
B,NAN,2018-10-11,0.0,,6.5,0.1,0.1,27.0,,2018,10
B,NAN,2018-10-24,0.1,6.7,6.5,0.2,0.2,15.0,,2018,10
B,NAN,2018-10-28,0.1,5.0,7.0,0.4,0.5,13.0,,2018,10
B,NAN,2018-11-07,,0.0,7.0,0.2,0.2,20.0,,2018,11
B,NAN,2018-12-11,0.0,,6.5,0.4,0.4,9.0,,2018,12
D,NAN,2018-10-11,0.0,6.0,6.5,0.7,1.2,26.0,,2018,10
D,NAN,2018-10-24,0.0,,6.5,0.6,1.3,16.0,,2018,10
D,NAN,2018-10-28,0.0,,6.5,1.1,1.2,13.0,,2018,10
D,NAN,2018-11-07,0.0,6.9,6.5,0.9,1.3,20.0,,2018,11
D,NAN,2018-12-11,0.0,,6.5,1.2,1.4,11.0,,2018,12
BAY,NAN,2018-10-11,1.9,5.0,7.0,4.0,1.2,25.0,,2018,10
BAY,NAN,2018-10-24,0.0,9.0,7.0,0.3,0.6,18.0,,2018,10
BAY,NAN,2018-10-28,0.9,2.9,7.0,0.4,0.9,13.0,,2018,10
BAY,NAN,2018-11-07,1.7,,7.0,0.45,0.9,20.0,,2018,11
BAY,NAN,2018-12-11,0.1,,7.0,0.1,0.1,10.0,,2018,12
